onset	duration	trial_type
1	1	empty
61619	1	S  1
62077	1	S  1
186648	1	S  1
187500	1	S  1
263137	1	S  1
263415	1	S  1
263692	1	S  1
263969	1	S  1
264247	1	S  1
264535	1	S  1
264814	1	S  1
265089	1	S  1
265366	1	S  1
265655	1	S  1
265932	1	S  1
266209	1	S  1
266487	1	S  1
266775	1	S  1
267052	1	S  1
267329	1	S  1
267607	1	S  1
267896	1	S  1
268172	1	S  1
268451	1	S  1
268727	1	S  1
269015	1	S  1
269292	1	S  1
269580	1	S  1
269857	1	S  1
270136	1	S  1
270412	1	S  1
270689	1	S  1
270979	1	S  1
271265	1	S  1
271553	1	S  1
271841	1	S  1
272119	1	S  1
272396	1	S  1
272673	1	S  1
272952	1	S  1
273228	1	S  1
273505	1	S  1
273783	1	S  1
274060	1	S  1
274337	1	S  1
274627	1	S  1
274913	1	S  1
275191	1	S  1
275479	1	S  1
275756	1	S  1
276033	1	S  1
276311	1	S  1
276588	1	S  1
276867	1	S  1
277164	1	S  1
277441	1	S  1
277731	1	S  1
278007	1	S  1
278284	1	S  1
278561	1	S  1
278839	1	S  1
279116	1	S  1
279404	1	S  1
279692	1	S  1
279969	1	S  1
280247	1	S  1
280535	1	S  1
280823	1	S  1
281100	1	S  1
281377	1	S  1
281655	1	S  1
281944	1	S  1
282220	1	S  1
282497	1	S  1
282775	1	S  1
283054	1	S  1
283329	1	S  1
283608	1	S  1
283894	1	S  1
284174	1	S  1
284460	1	S  1
284748	1	S  1
285025	1	S  1
285303	1	S  1
285580	1	S  1
285859	1	S  1
286135	1	S  1
286422	1	S  1
286700	1	S  1
286979	1	S  1
287265	1	S  1
287543	1	S  1
287820	1	S  1
288097	1	S  1
288387	1	S  1
288663	1	S  1
288940	1	S  1
289217	1	S  1
289495	1	S  1
289783	1	S  1
290060	1	S  1
290337	1	S  1
290615	1	S  1
290894	1	S  1
291169	1	S  1
291447	1	S  1
291724	1	S  1
292001	1	S  1
292289	1	S  1
292567	1	S  1
292855	1	S  1
293134	1	S  1
293409	1	S  1
293687	1	S  1
293964	1	S  1
294241	1	S  1
294520	1	S  1
294796	1	S  1
295084	1	S  1
295361	1	S  1
295639	1	S  1
295916	1	S  1
296193	1	S  1
296471	1	S  1
296748	1	S  1
297025	1	S  1
297313	1	S  1
297580	1	S  1
297859	1	S  1
298135	1	S  1
298412	1	S  1
298689	1	S  1
298967	1	S  1
299255	1	S  1
299543	1	S  1
299820	1	S  1
300099	1	S  1
300374	1	S  1
300652	1	S  1
300929	1	S  1
301217	1	S  1
301495	1	S  1
301772	1	S  1
302051	1	S  1
302327	1	S  1
302614	1	S  1
302892	1	S  1
303171	1	S  1
303446	1	S  1
303724	1	S  1
304003	1	S  1
304278	1	S  1
304556	1	S  1
304833	1	S  1
309655	1	S  1
309943	1	S  1
310231	1	S  1
310529	1	S  1
310807	1	S  1
311095	1	S  1
311372	1	S  1
311649	1	S  1
311927	1	S  1
312215	1	S  1
312492	1	S  1
312769	1	S  1
313057	1	S  1
313335	1	S  1
313614	1	S  1
313900	1	S  1
314177	1	S  1
314456	1	S  1
314732	1	S  1
315011	1	S  1
315286	1	S  1
315575	1	S  1
315854	1	S  1
316129	1	S  1
316407	1	S  1
316684	1	S  1
316961	1	S  1
317249	1	S  1
317528	1	S  1
317814	1	S  1
318092	1	S  1
318369	1	S  1
318657	1	S  1
318936	1	S  1
319212	1	S  1
319489	1	S  1
319768	1	S  1
320055	1	S  1
320332	1	S  1
320609	1	S  1
320887	1	S  1
321164	1	S  1
321454	1	S  1
321729	1	S  1
322007	1	S  1
322284	1	S  1
322561	1	S  1
322839	1	S  1
323118	1	S  1
323393	1	S  1
323672	1	S  1
323958	1	S  1
324238	1	S  1
324524	1	S  1
324801	1	S  1
325089	1	S  1
325377	1	S  1
325655	1	S  1
325932	1	S  1
326209	1	S  1
326497	1	S  1
326775	1	S  1
327054	1	S  1
327340	1	S  1
327617	1	S  1
327896	1	S  1
328172	1	S  1
328449	1	S  1
328737	1	S  1
329016	1	S  1
329292	1	S  1
329569	1	S  1
329848	1	S  1
330124	1	S  1
330401	1	S  1
330689	1	S  1
330977	1	S  1
331255	1	S  1
331543	1	S  1
331831	1	S  1
332108	1	S  1
332385	1	S  1
332675	1	S  1
332950	1	S  1
333239	1	S  1
333516	1	S  1
333804	1	S  1
334081	1	S  1
334369	1	S  1
334647	1	S  1
334935	1	S  1
335212	1	S  1
335500	1	S  1
335779	1	S  1
336055	1	S  1
336332	1	S  1
336620	1	S  1
336908	1	S  1
337196	1	S  1
337475	1	S  1
337750	1	S  1
338028	1	S  1
338305	1	S  1
338595	1	S  1
338870	1	S  1
339160	1	S  1
339436	1	S  1
339715	1	S  1
339991	1	S  1
340268	1	S  1
340545	1	S  1
340824	1	S  1
341100	1	S  1
341377	1	S  1
341655	1	S  1
341942	1	S  1
342220	1	S  1
342497	1	S  1
342775	1	S  1
343063	1	S  1
343342	1	S  1
343617	1	S  1
343895	1	S  1
344172	1	S  1
344449	1	S  1
344739	1	S  1
345014	1	S  1
345292	1	S  1
345580	1	S  1
345859	1	S  1
346135	1	S  1
346412	1	S  1
346689	1	S  1
346967	1	S  1
347255	1	S  1
347532	1	S  1
347822	1	S  1
348097	1	S  1
348374	1	S  1
348652	1	S  1
348929	1	S  1
349208	1	S  1
349494	1	S  1
349783	1	S  1
350062	1	S  1
350337	1	S  1
350625	1	S  1
350903	1	S  1
351180	1	S  1
351457	1	S  1
359404	1	S  1
359692	1	S  1
359992	1	S  1
360289	1	S  1
360567	1	S  1
360855	1	S  1
361132	1	S  1
361409	1	S  1
361687	1	S  1
361975	1	S  1
362263	1	S  1
362542	1	S  1
362817	1	S  1
363096	1	S  1
363372	1	S  1
363649	1	S  1
363928	1	S  1
364214	1	S  1
364492	1	S  1
364769	1	S  1
365048	1	S  1
365334	1	S  1
365624	1	S  1
365910	1	S  1
366190	1	S  1
366465	1	S  1
366744	1	S  1
367020	1	S  1
367297	1	S  1
367575	1	S  1
367852	1	S  1
368140	1	S  1
368417	1	S  1
368695	1	S  1
368972	1	S  1
369249	1	S  1
369539	1	S  1
369815	1	S  1
370092	1	S  1
370369	1	S  1
370648	1	S  1
370924	1	S  1
371201	1	S  1
371489	1	S  1
371777	1	S  1
372056	1	S  1
372332	1	S  1
372611	1	S  1
372886	1	S  1
373164	1	S  1
373454	1	S  1
373729	1	S  1
374007	1	S  1
374284	1	S  1
374563	1	S  1
374838	1	S  1
375116	1	S  1
375404	1	S  1
375681	1	S  1
375969	1	S  1
376259	1	S  1
376534	1	S  1
376812	1	S  1
377091	1	S  1
377366	1	S  1
377644	1	S  1
377923	1	S  1
378199	1	S  1
378497	1	S  1
378775	1	S  1
379052	1	S  1
379329	1	S  1
379608	1	S  1
379884	1	S  1
380161	1	S  1
380439	1	S  1
380716	1	S  1
380995	1	S  1
381270	1	S  1
381559	1	S  1
381836	1	S  1
382124	1	S  1
382401	1	S  1
382689	1	S  1
382967	1	S  1
383244	1	S  1
383521	1	S  1
383799	1	S  1
384087	1	S  1
384364	1	S  1
384641	1	S  1
384929	1	S  1
385207	1	S  1
385495	1	S  1
385774	1	S  1
386060	1	S  1
386348	1	S  1
386636	1	S  1
386913	1	S  1
387191	1	S  1
387468	1	S  1
387747	1	S  1
388023	1	S  1
388300	1	S  1
388577	1	S  1
388855	1	S  1
389132	1	S  1
389409	1	S  1
389699	1	S  1
389985	1	S  1
390263	1	S  1
390540	1	S  1
390819	1	S  1
391094	1	S  1
391372	1	S  1
391649	1	S  1
391927	1	S  1
392215	1	S  1
392503	1	S  1
392780	1	S  1
393057	1	S  1
393335	1	S  1
393612	1	S  1
393889	1	S  1
394167	1	S  1
394476	1	S  1
394766	1	S  1
395041	1	S  1
395318	1	S  1
395598	1	S  1
395873	1	S  1
396151	1	S  1
396439	1	S  1
396716	1	S  1
397015	1	S  1
397292	1	S  1
397571	1	S  1
397857	1	S  1
398146	1	S  1
398423	1	S  1
398700	1	S  1
398977	1	S  1
399265	1	S  1
399543	1	S  1
399820	1	S  1
400108	1	S  1
400385	1	S  1
400674	1	S  1
400951	1	S  1
401228	1	S  1
405143	1	S  1
405420	1	S  1
405698	1	S  1
405975	1	S  1
406252	1	S  1
406530	1	S  1
406807	1	S  1
407095	1	S  1
407372	1	S  1
407650	1	S  1
407927	1	S  1
408204	1	S  1
408494	1	S  1
408769	1	S  1
409047	1	S  1
409324	1	S  1
409602	1	S  1
409879	1	S  1
410156	1	S  1
410434	1	S  1
410711	1	S  1
410999	1	S  1
411276	1	S  1
411575	1	S  1
411852	1	S  1
412130	1	S  1
412407	1	S  1
412695	1	S  1
412972	1	S  1
413260	1	S  1
413538	1	S  1
413815	1	S  1
414094	1	S  1
414369	1	S  1
414647	1	S  1
414924	1	S  1
415201	1	S  1
415479	1	S  1
415756	1	S  1
416034	1	S  1
416311	1	S  1
416588	1	S  1
416876	1	S  1
417164	1	S  1
417442	1	S  1
417730	1	S  1
418007	1	S  1
418284	1	S  1
418572	1	S  1
418851	1	S  1
419127	1	S  1
419414	1	S  1
419692	1	S  1
419971	1	S  1
420246	1	S  1
420535	1	S  1
420812	1	S  1
421090	1	S  1
421368	1	S  1
421644	1	S  1
421922	1	S  1
422210	1	S  1
422488	1	S  1
422774	1	S  1
423052	1	S  1
423330	1	S  1
423618	1	S  1
423895	1	S  1
424172	1	S  1
424450	1	S  1
424727	1	S  1
425004	1	S  1
425282	1	S  1
425559	1	S  1
425836	1	S  1
426126	1	S  1
426401	1	S  1
426679	1	S  1
426956	1	S  1
427255	1	S  1
427532	1	S  1
427810	1	S  1
428087	1	S  1
428364	1	S  1
428642	1	S  1
428930	1	S  1
429207	1	S  1
429484	1	S  1
429763	1	S  1
430049	1	S  1
430327	1	S  1
430615	1	S  1
430892	1	S  1
431170	1	S  1
431446	1	S  1
431724	1	S  1
432002	1	S  1
432280	1	S  1
432556	1	S  1
432846	1	S  1
433121	1	S  1
433399	1	S  1
433676	1	S  1
433954	1	S  1
434231	1	S  1
434508	1	S  1
434786	1	S  1
435074	1	S  1
435351	1	S  1
435639	1	S  1
435916	1	S  1
436194	1	S  1
436482	1	S  1
436759	1	S  1
437036	1	S  1
437314	1	S  1
437591	1	S  1
437879	1	S  1
438156	1	S  1
438444	1	S  1
438722	1	S  1
438999	1	S  1
439278	1	S  1
439553	1	S  1
439831	1	S  1
440108	1	S  1
440398	1	S  1
440684	1	S  1
440962	1	S  1
441250	1	S  1
441526	1	S  1
441804	1	S  1
442092	1	S  1
442370	1	S  1
442648	1	S  1
442934	1	S  1
443223	1	S  1
443502	1	S  1
443777	1	S  1
444055	1	S  1
444332	1	S  1
444611	1	S  1
444886	1	S  1
445175	1	S  1
445463	1	S  1
445740	1	S  1
446018	1	S  1
446295	1	S  1
446584	1	S  1
446860	1	S  1
449806	1	S  1
450082	1	S  1
450370	1	S  1
450658	1	S  1
450946	1	S  1
451223	1	S  1
451510	1	S  1
451788	1	S  1
452066	1	S  1
452343	1	S  1
452620	1	S  1
452898	1	S  1
453175	1	S  1
453454	1	S  1
453729	1	S  1
454007	1	S  1
454284	1	S  1
454562	1	S  1
454850	1	S  1
455127	1	S  1
455415	1	S  1
455692	1	S  1
455970	1	S  1
456248	1	S  1
456534	1	S  1
456823	1	S  1
457111	1	S  1
457388	1	S  1
457667	1	S  1
457953	1	S  1
458242	1	S  1
458530	1	S  1
458818	1	S  1
459095	1	S  1
459374	1	S  1
459649	1	S  1
459927	1	S  1
460204	1	S  1
460482	1	S  1
460770	1	S  1
461046	1	S  1
461335	1	S  1
461612	1	S  1
461890	1	S  1
462167	1	S  1
462444	1	S  1
462722	1	S  1
463010	1	S  1
463288	1	S  1
463574	1	S  1
463852	1	S  1
464131	1	S  1
464407	1	S  1
464694	1	S  1
464972	1	S  1
465250	1	S  1
465539	1	S  1
465814	1	S  1
466094	1	S  1
466369	1	S  1
466647	1	S  1
466935	1	S  1
467224	1	S  1
467510	1	S  1
467799	1	S  1
468087	1	S  1
468375	1	S  1
468663	1	S  1
468940	1	S  1
469218	1	S  1
469495	1	S  1
469774	1	S  1
470049	1	S  1
470339	1	S  1
470614	1	S  1
470892	1	S  1
471171	1	S  1
471446	1	S  1
471735	1	S  1
472023	1	S  1
472300	1	S  1
472590	1	S  1
472865	1	S  1
473143	1	S  1
473431	1	S  1
473710	1	S  1
473985	1	S  1
474263	1	S  1
474540	1	S  1
474819	1	S  1
475094	1	S  1
475372	1	S  1
475660	1	S  1
475948	1	S  1
476226	1	S  1
476514	1	S  1
476802	1	S  1
477090	1	S  1
477367	1	S  1
477654	1	S  1
477944	1	S  1
478220	1	S  1
478497	1	S  1
478775	1	S  1
479052	1	S  1
479330	1	S  1
479607	1	S  1
479895	1	S  1
480172	1	S  1
480451	1	S  1
480737	1	S  1
481015	1	S  1
481294	1	S  1
481569	1	S  1
481847	1	S  1
482124	1	S  1
482402	1	S  1
482680	1	S  1
482956	1	S  1
483244	1	S  1
483522	1	S  1
483799	1	S  1
484088	1	S  1
484374	1	S  1
484654	1	S  1
484929	1	S  1
485217	1	S  1
485495	1	S  1
485783	1	S  1
486060	1	S  1
486338	1	S  1
486627	1	S  1
486902	1	S  1
487180	1	S  1
487459	1	S  1
487734	1	S  1
488014	1	S  1
488300	1	S  1
488578	1	S  1
488855	1	S  1
489134	1	S  1
489420	1	S  1
489698	1	S  1
489975	1	S  1
490252	1	S  1
490530	1	S  1
490818	1	S  1
491096	1	S  1
491382	1	S  1
491682	1	S  1
553177	1	S  1
553452	1	S  1
553730	1	S  1
554007	1	S  1
554297	1	S  1
554572	1	S  1
554850	1	S  1
555127	1	S  1
555415	1	S  1
555692	1	S  1
555970	1	S  1
556247	1	S  1
556535	1	S  1
556812	1	S  1
557090	1	S  1
557367	1	S  1
557644	1	S  1
557923	1	S  1
558209	1	S  1
558487	1	S  1
558764	1	S  1
559043	1	S  1
559319	1	S  1
559609	1	S  1
559884	1	S  1
560161	1	S  1
560450	1	S  1
560727	1	S  1
561004	1	S  1
561283	1	S  1
561559	1	S  1
561836	1	S  1
562124	1	S  1
562412	1	S  1
562690	1	S  1
562969	1	S  1
563255	1	S  1
563532	1	S  1
563810	1	S  1
564087	1	S  1
564375	1	S  1
564652	1	S  1
564930	1	S  1
565207	1	S  1
565495	1	S  1
565772	1	S  1
566050	1	S  1
566338	1	S  1
566625	1	S  1
566914	1	S  1
567193	1	S  1
567468	1	S  1
567746	1	S  1
568034	1	S  1
568311	1	S  1
568599	1	S  1
568878	1	S  1
569164	1	S  1
569442	1	S  1
569721	1	S  1
569996	1	S  1
570284	1	S  1
570572	1	S  1
570850	1	S  1
571127	1	S  1
571404	1	S  1
571692	1	S  1
571971	1	S  1
572247	1	S  1
572526	1	S  1
572801	1	S  1
573081	1	S  1
573356	1	S  1
573644	1	S  1
573923	1	S  1
574209	1	S  1
574487	1	S  1
574764	1	S  1
575052	1	S  1
575330	1	S  1
575607	1	S  1
575884	1	S  1
576163	1	S  1
576439	1	S  1
576727	1	S  1
577017	1	S  1
577292	1	S  1
577570	1	S  1
577847	1	S  1
578124	1	S  1
578402	1	S  1
578691	1	S  1
578967	1	S  1
579255	1	S  1
579532	1	S  1
579811	1	S  1
580097	1	S  1
580375	1	S  1
580663	1	S  1
580951	1	S  1
581228	1	S  1
581506	1	S  1
581783	1	S  1
582060	1	S  1
582339	1	S  1
582615	1	S  1
582892	1	S  1
583180	1	S  1
583459	1	S  1
583735	1	S  1
584012	1	S  1
584290	1	S  1
584578	1	S  1
584866	1	S  1
585154	1	S  1
585433	1	S  1
585719	1	S  1
585996	1	S  1
586284	1	S  1
586562	1	S  1
586850	1	S  1
587127	1	S  1
587417	1	S  1
587692	1	S  1
587970	1	S  1
588249	1	S  1
588535	1	S  1
588812	1	S  1
589100	1	S  1
589378	1	S  1
589666	1	S  1
589945	1	S  1
590220	1	S  1
590497	1	S  1
590775	1	S  1
591052	1	S  1
591340	1	S  1
591619	1	S  1
591895	1	S  1
592183	1	S  1
592462	1	S  1
592737	1	S  1
593015	1	S  1
593303	1	S  1
593580	1	S  1
593858	1	S  1
594135	1	S  1
594412	1	S  1
594700	1	S  1
594978	1	S  1
606030	1	S  1
606306	1	S  1
606594	1	S  1
606882	1	S  1
607159	1	S  1
607436	1	S  1
607714	1	S  1
607991	1	S  1
608279	1	S  1
608558	1	S  1
608844	1	S  1
609132	1	S  1
609420	1	S  1
609698	1	S  1
609977	1	S  1
610252	1	S  1
610530	1	S  1
610807	1	S  1
611095	1	S  1
611374	1	S  1
611649	1	S  1
611938	1	S  1
612215	1	S  1
612492	1	S  1
612770	1	S  1
613047	1	S  1
613335	1	S  1
613612	1	S  1
613902	1	S  1
614178	1	S  1
614455	1	S  1
614743	1	S  1
615033	1	S  1
615308	1	S  1
615586	1	S  1
615874	1	S  1
616153	1	S  1
616439	1	S  1
616716	1	S  1
617004	1	S  1
617282	1	S  1
617570	1	S  1
617847	1	S  1
618135	1	S  1
618412	1	S  1
618700	1	S  1
618988	1	S  1
619266	1	S  1
619554	1	S  1
619831	1	S  1
620108	1	S  1
620386	1	S  1
620674	1	S  1
620951	1	S  1
621239	1	S  1
621527	1	S  1
621804	1	S  1
622082	1	S  1
622370	1	S  1
622647	1	S  1
622935	1	S  1
623212	1	S  1
623490	1	S  1
623767	1	S  1
624066	1	S  1
624354	1	S  1
624631	1	S  1
624908	1	S  1
625198	1	S  1
625474	1	S  1
625761	1	S  1
626050	1	S  1
626339	1	S  1
626615	1	S  1
626892	1	S  1
627170	1	S  1
627447	1	S  1
627735	1	S  1
628012	1	S  1
628291	1	S  1
628567	1	S  1
628857	1	S  1
629132	1	S  1
629410	1	S  1
629687	1	S  1
629964	1	S  1
630242	1	S  1
630519	1	S  1
630798	1	S  1
631073	1	S  1
631351	1	S  1
631639	1	S  1
631929	1	S  1
632215	1	S  1
632494	1	S  1
632769	1	S  1
633049	1	S  1
633324	1	S  1
633612	1	S  1
633890	1	S  1
634167	1	S  1
634457	1	S  1
634743	1	S  1
635022	1	S  1
635297	1	S  1
635575	1	S  1
635863	1	S  1
636140	1	S  1
636418	1	S  1
636697	1	S  1
636972	1	S  1
637260	1	S  1
637548	1	S  1
637826	1	S  1
638103	1	S  1
638380	1	S  1
638658	1	S  1
638935	1	S  1
639212	1	S  1
639490	1	S  1
639778	1	S  1
640076	1	S  1
640354	1	S  1
640631	1	S  1
640919	1	S  1
641196	1	S  1
641484	1	S  1
641772	1	S  1
642050	1	S  1
642329	1	S  1
642615	1	S  1
642892	1	S  1
643170	1	S  1
643449	1	S  1
643735	1	S  1
644012	1	S  1
644300	1	S  1
644578	1	S  1
644855	1	S  1
645132	1	S  1
645410	1	S  1
645687	1	S  1
645975	1	S  1
646252	1	S  1
646530	1	S  1
646807	1	S  1
647095	1	S  1
647372	1	S  1
647650	1	S  1
647938	1	S  1
658967	1	S  1
659255	1	S  1
659543	1	S  1
659820	1	S  1
660099	1	S  1
660375	1	S  1
660663	1	S  1
660940	1	S  1
661218	1	S  1
661495	1	S  1
661772	1	S  1
662050	1	S  1
662329	1	S  1
662604	1	S  1
662892	1	S  1
663170	1	S  1
663449	1	S  1
663735	1	S  1
664012	1	S  1
664290	1	S  1
664567	1	S  1
664855	1	S  1
665143	1	S  1
665420	1	S  1
665698	1	S  1
665975	1	S  1
666265	1	S  1
666551	1	S  1
666839	1	S  1
667116	1	S  1
667406	1	S  1
667692	1	S  1
667970	1	S  1
668247	1	S  1
668524	1	S  1
668803	1	S  1
669079	1	S  1
669356	1	S  1
669644	1	S  1
669932	1	S  1
670210	1	S  1
670487	1	S  1
670766	1	S  1
671041	1	S  1
671319	1	S  1
671596	1	S  1
671874	1	S  1
672151	1	S  1
672428	1	S  1
672716	1	S  1
673004	1	S  1
673282	1	S  1
673570	1	S  1
673847	1	S  1
674124	1	S  1
674412	1	S  1
674690	1	S  1
674969	1	S  1
675244	1	S  1
675523	1	S  1
675799	1	S  1
676076	1	S  1
676366	1	S  1
676652	1	S  1
676931	1	S  1
677207	1	S  1
677495	1	S  1
677783	1	S  1
678060	1	S  1
678348	1	S  1
678626	1	S  1
678903	1	S  1
679180	1	S  1
679459	1	S  1
679735	1	S  1
680012	1	S  1
680290	1	S  1
680567	1	S  1
680844	1	S  1
681122	1	S  1
681399	1	S  1
681678	1	S  1
681953	1	S  1
682231	1	S  1
682508	1	S  1
682797	1	S  1
683084	1	S  1
683362	1	S  1
683651	1	S  1
683927	1	S  1
684215	1	S  1
684493	1	S  1
684771	1	S  1
685057	1	S  1
685335	1	S  1
685623	1	S  1
685900	1	S  1
686178	1	S  1
686455	1	S  1
686733	1	S  1
687010	1	S  1
687287	1	S  1
687564	1	S  1
687842	1	S  1
688119	1	S  1
688407	1	S  1
688685	1	S  1
688962	1	S  1
689251	1	S  1
689527	1	S  1
689817	1	S  1
690113	1	S  1
690402	1	S  1
690690	1	S  1
690967	1	S  1
691257	1	S  1
691532	1	S  1
691810	1	S  1
692087	1	S  1
692375	1	S  1
692653	1	S  1
692930	1	S  1
693219	1	S  1
693495	1	S  1
693773	1	S  1
694061	1	S  1
694338	1	S  1
694615	1	S  1
694893	1	S  1
695170	1	S  1
695447	1	S  1
695735	1	S  1
696013	1	S  1
696301	1	S  1
696578	1	S  1
696855	1	S  1
697133	1	S  1
697410	1	S  1
697687	1	S  1
697975	1	S  1
698253	1	S  1
698531	1	S  1
698817	1	S  1
699095	1	S  1
699373	1	S  1
699650	1	S  1
699927	1	S  1
700205	1	S  1
700494	1	S  1
700780	1	S  1
705219	1	S  1
705506	1	S  1
705794	1	S  1
706082	1	S  1
706361	1	S  1
706647	1	S  1
706935	1	S  1
707213	1	S  1
707490	1	S  1
707767	1	S  1
708055	1	S  1
708343	1	S  1
708621	1	S  1
708898	1	S  1
709175	1	S  1
709453	1	S  1
709730	1	S  1
710007	1	S  1
710285	1	S  1
710562	1	S  1
710851	1	S  1
711137	1	S  1
711415	1	S  1
711694	1	S  1
711969	1	S  1
712249	1	S  1
712524	1	S  1
712801	1	S  1
713079	1	S  1
713358	1	S  1
713644	1	S  1
713922	1	S  1
714210	1	S  1
714489	1	S  1
714775	1	S  1
715063	1	S  1
715341	1	S  1
715618	1	S  1
715895	1	S  1
716173	1	S  1
716450	1	S  1
716727	1	S  1
717015	1	S  1
717294	1	S  1
717570	1	S  1
717847	1	S  1
718125	1	S  1
718402	1	S  1
718691	1	S  1
718977	1	S  1
719266	1	S  1
719543	1	S  1
719831	1	S  1
720110	1	S  1
720386	1	S  1
720663	1	S  1
720942	1	S  1
721217	1	S  1
721495	1	S  1
721773	1	S  1
722051	1	S  1
722327	1	S  1
722605	1	S  1
722882	1	S  1
723161	1	S  1
723436	1	S  1
723724	1	S  1
724002	1	S  1
724290	1	S  1
724578	1	S  1
724855	1	S  1
725143	1	S  1
725431	1	S  1
725709	1	S  1
725986	1	S  1
726263	1	S  1
726541	1	S  1
726818	1	S  1
727095	1	S  1
727373	1	S  1
727650	1	S  1
727927	1	S  1
728215	1	S  1
728493	1	S  1
728770	1	S  1
729047	1	S  1
729335	1	S  1
729613	1	S  1
729891	1	S  1
730167	1	S  1
730445	1	S  1
730722	1	S  1
731010	1	S  1
731287	1	S  1
731575	1	S  1
731853	1	S  1
732130	1	S  1
732407	1	S  1
732697	1	S  1
732983	1	S  1
733273	1	S  1
733548	1	S  1
733826	1	S  1
734114	1	S  1
734391	1	S  1
734679	1	S  1
734967	1	S  1
735255	1	S  1
735534	1	S  1
735809	1	S  1
736087	1	S  1
736418	1	S  1
736695	1	S  1
736983	1	S  1
737261	1	S  1
737539	1	S  1
737815	1	S  1
738092	1	S  1
738371	1	S  1
738647	1	S  1
738925	1	S  1
739212	1	S  1
739489	1	S  1
739769	1	S  1
740055	1	S  1
740334	1	S  1
740610	1	S  1
740887	1	S  1
741175	1	S  1
741453	1	S  1
741731	1	S  1
742007	1	S  1
742285	1	S  1
742541	1	S  1
742829	1	S  1
743106	1	S  1
743394	1	S  1
743671	1	S  1
743950	1	S  1
744225	1	S  1
744503	1	S  1
744781	1	S  1
745069	1	S  1
745346	1	S  1
745634	1	S  1
745911	1	S  1
746189	1	S  1
746466	1	S  1
746754	1	S  1
747031	1	S  1
783586	1	S  1
783875	1	S  1
784151	1	S  1
784450	1	S  1
784727	1	S  1
785005	1	S  1
785282	1	S  1
785570	1	S  1
785847	1	S  1
786136	1	S  1
786412	1	S  1
786689	1	S  1
786967	1	S  1
787255	1	S  1
787534	1	S  1
787809	1	S  1
788098	1	S  1
788375	1	S  1
788653	1	S  1
788930	1	S  1
789207	1	S  1
789495	1	S  1
789783	1	S  1
790061	1	S  1
790338	1	S  1
790617	1	S  1
790892	1	S  1
791170	1	S  1
791449	1	S  1
791724	1	S  1
792002	1	S  1
792290	1	S  1
792579	1	S  1
792855	1	S  1
793133	1	S  1
793421	1	S  1
793699	1	S  1
793975	1	S  1
794263	1	S  1
794551	1	S  1
794829	1	S  1
795106	1	S  1
795395	1	S  1
795671	1	S  1
795969	1	S  1
796247	1	S  1
796525	1	S  1
796802	1	S  1
797091	1	S  1
797367	1	S  1
797655	1	S  1
797933	1	S  1
798221	1	S  1
798499	1	S  1
798775	1	S  1
799053	1	S  1
799330	1	S  1
799618	1	S  1
799895	1	S  1
800173	1	S  1
800450	1	S  1
800729	1	S  1
801015	1	S  1
801292	1	S  1
801570	1	S  1
801857	1	S  1
802157	1	S  1
802445	1	S  1
802722	1	S  1
802999	1	S  1
803278	1	S  1
803564	1	S  1
803853	1	S  1
804131	1	S  1
804417	1	S  1
804695	1	S  1
804973	1	S  1
805250	1	S  1
805527	1	S  1
805815	1	S  1
806093	1	S  1
806370	1	S  1
806649	1	S  1
806924	1	S  1
807213	1	S  1
807490	1	S  1
807778	1	S  1
808055	1	S  1
808333	1	S  1
808610	1	S  1
808898	1	S  1
809175	1	S  1
809453	1	S  1
809730	1	S  1
810018	1	S  1
810295	1	S  1
810573	1	S  1
810850	1	S  1
811127	1	S  1
811405	1	S  1
811682	1	S  1
811961	1	S  1
812236	1	S  1
812525	1	S  1
812802	1	S  1
813081	1	S  1
813356	1	S  1
813634	1	S  1
813911	1	S  1
814199	1	S  1
814487	1	S  1
814765	1	S  1
815042	1	S  1
815319	1	S  1
815597	1	S  1
815884	1	S  1
816162	1	S  1
816450	1	S  1
816749	1	S  1
817026	1	S  1
817303	1	S  1
817581	1	S  1
817858	1	S  1
818135	1	S  1
818413	1	S  1
818701	1	S  1
818978	1	S  1
819255	1	S  1
819543	1	S  1
819822	1	S  1
820098	1	S  1
820375	1	S  1
820654	1	S  1
820930	1	S  1
821207	1	S  1
821495	1	S  1
821783	1	S  1
822061	1	S  1
822338	1	S  1
822626	1	S  1
822903	1	S  1
823181	1	S  1
823458	1	S  1
823735	1	S  1
824013	1	S  1
824290	1	S  1
824567	1	S  1
824857	1	S  1
825132	1	S  1
825410	1	S  1
935213	1	S  1
935490	1	S  1
935769	1	S  1
936055	1	S  1
936333	1	S  1
936610	1	S  1
936887	1	S  1
937166	1	S  1
937442	1	S  1
937721	1	S  1
937996	1	S  1
938286	1	S  1
938562	1	S  1
938850	1	S  1
939127	1	S  1
939415	1	S  1
939693	1	S  1
939981	1	S  1
940258	1	S  1
940535	1	S  1
940813	1	S  1
941090	1	S  1
941378	1	S  1
941666	1	S  1
941943	1	S  1
942221	1	S  1
942509	1	S  1
942786	1	S  1
943063	1	S  1
943341	1	S  1
943618	1	S  1
943906	1	S  1
944183	1	S  1
944471	1	S  1
944749	1	S  1
945026	1	S  1
945316	1	S  1
945602	1	S  1
945879	1	S  1
946157	1	S  1
946434	1	S  1
946713	1	S  1
946999	1	S  1
947277	1	S  1
947565	1	S  1
947842	1	S  1
948119	1	S  1
948408	1	S  1
948685	1	S  1
948962	1	S  1
949250	1	S  1
949538	1	S  1
949826	1	S  1
950114	1	S  1
950392	1	S  1
950680	1	S  1
950957	1	S  1
951234	1	S  1
951511	1	S  1
951790	1	S  1
952066	1	S  1
952354	1	S  1
952632	1	S  1
952910	1	S  1
953186	1	S  1
953464	1	S  1
953741	1	S  1
954018	1	S  1
954296	1	S  1
954573	1	S  1
954850	1	S  1
955128	1	S  1
955406	1	S  1
955682	1	S  1
955960	1	S  1
956237	1	S  1
956525	1	S  1
956802	1	S  1
957092	1	S  1
957378	1	S  1
957656	1	S  1
957944	1	S  1
958221	1	S  1
958498	1	S  1
958786	1	S  1
959064	1	S  1
959342	1	S  1
959618	1	S  1
959895	1	S  1
960184	1	S  1
960461	1	S  1
960740	1	S  1
961015	1	S  1
961293	1	S  1
961570	1	S  1
961848	1	S  1
962126	1	S  1
962402	1	S  1
962690	1	S  1
962978	1	S  1
963256	1	S  1
963534	1	S  1
963810	1	S  1
964087	1	S  1
964365	1	S  1
964653	1	S  1
964930	1	S  1
965209	1	S  1
965495	1	S  1
965774	1	S  1
966050	1	S  1
966328	1	S  1
966616	1	S  1
966904	1	S  1
967181	1	S  1
967458	1	S  1
967746	1	S  1
968036	1	S  1
968311	1	S  1
968589	1	S  1
968866	1	S  1
969156	1	S  1
969431	1	S  1
969709	1	S  1
969986	1	S  1
970274	1	S  1
970562	1	S  1
970840	1	S  1
971117	1	S  1
971405	1	S  1
971682	1	S  1
971960	1	S  1
972238	1	S  1
972514	1	S  1
972792	1	S  1
973090	1	S  1
973369	1	S  1
973644	1	S  1
973924	1	S  1
974210	1	S  1
974488	1	S  1
974776	1	S  1
975053	1	S  1
975332	1	S  1
975607	1	S  1
975884	1	S  1
976173	1	S  1
976450	1	S  1
976738	1	S  1
977017	1	S  1
980098	1	S  1
980386	1	S  1
980674	1	S  1
980962	1	S  1
981250	1	S  1
981528	1	S  1
981816	1	S  1
982552	1	S  1
982850	1	S  1
983128	1	S  1
983416	1	S  1
983693	1	S  1
983970	1	S  1
984260	1	S  1
984535	1	S  1
984824	1	S  1
985101	1	S  1
985378	1	S  1
985656	1	S  1
985933	1	S  1
986222	1	S  1
986498	1	S  1
986786	1	S  1
987074	1	S  1
987352	1	S  1
987629	1	S  1
987906	1	S  1
988194	1	S  1
988472	1	S  1
988759	1	S  1
989048	1	S  1
989325	1	S  1
989602	1	S  1
989881	1	S  1
990167	1	S  1
990455	1	S  1
990733	1	S  1
991010	1	S  1
991288	1	S  1
991576	1	S  1
991853	1	S  1
992130	1	S  1
992408	1	S  1
992696	1	S  1
992985	1	S  1
993271	1	S  1
993572	1	S  1
993847	1	S  1
994125	1	S  1
994413	1	S  1
994690	1	S  1
994968	1	S  1
995245	1	S  1
995522	1	S  1
995821	1	S  1
996100	1	S  1
996375	1	S  1
996653	1	S  1
996941	1	S  1
997220	1	S  1
997495	1	S  1
997773	1	S  1
998050	1	S  1
998328	1	S  1
998605	1	S  1
998884	1	S  1
999159	1	S  1
999438	1	S  1
999714	1	S  1
999992	1	S  1
1000269	1	S  1
1000546	1	S  1
1000845	1	S  1
1001134	1	S  1
1001410	1	S  1
1001688	1	S  1
1001965	1	S  1
1002242	1	S  1
1002521	1	S  1
1002807	1	S  1
1003096	1	S  1
1003384	1	S  1
1003661	1	S  1
1003940	1	S  1
1004215	1	S  1
1004493	1	S  1
1004770	1	S  1
1005069	1	S  1
1005348	1	S  1
1005623	1	S  1
1005901	1	S  1
1006189	1	S  1
1006477	1	S  1
1006754	1	S  1
1007042	1	S  1
1007330	1	S  1
1007608	1	S  1
1007896	1	S  1
1008173	1	S  1
1008450	1	S  1
1008728	1	S  1
1009017	1	S  1
1009292	1	S  1
1009570	1	S  1
1009848	1	S  1
1010125	1	S  1
1010402	1	S  1
1010680	1	S  1
1010957	1	S  1
1011245	1	S  1
1011522	1	S  1
1011810	1	S  1
1012088	1	S  1
1012376	1	S  1
1012653	1	S  1
1012930	1	S  1
1013208	1	S  1
1013496	1	S  1
1013774	1	S  1
1014050	1	S  1
1014328	1	S  1
1014605	1	S  1
1014893	1	S  1
1015181	1	S  1
1015458	1	S  1
1015737	1	S  1
1016012	1	S  1
1016290	1	S  1
1016568	1	S  1
1016856	1	S  1
1017133	1	S  1
1017421	1	S  1
1017698	1	S  1
1017986	1	S  1
1018274	1	S  1
1018564	1	S  1
1018839	1	S  1
1019128	1	S  1
1019416	1	S  1
1019704	1	S  1
1019981	1	S  1
1020258	1	S  1
1020536	1	S  1
1020814	1	S  1
1021100	1	S  1
1021390	1	S  1
1021666	1	S  1
1021945	1	S  1
1022220	1	S  1
1022498	1	S  1
1025037	1	S  1
1025325	1	S  1
1025604	1	S  1
1025890	1	S  1
1026167	1	S  1
1026457	1	S  1
1026732	1	S  1
1027021	1	S  1
1027298	1	S  1
1027586	1	S  1
1027876	1	S  1
1028151	1	S  1
1028429	1	S  1
1028706	1	S  1
1028984	1	S  1
1029262	1	S  1
1029548	1	S  1
1029826	1	S  1
1030104	1	S  1
1030381	1	S  1
1030660	1	S  1
1030946	1	S  1
1031234	1	S  1
1031522	1	S  1
1031812	1	S  1
1032087	1	S  1
1032365	1	S  1
1032642	1	S  1
1032920	1	S  1
1033197	1	S  1
1033485	1	S  1
1033762	1	S  1
1034040	1	S  1
1034317	1	S  1
1034594	1	S  1
1034872	1	S  1
1035149	1	S  1
1035437	1	S  1
1035726	1	S  1
1036002	1	S  1
1036290	1	S  1
1036568	1	S  1
1036845	1	S  1
1037122	1	S  1
1037412	1	S  1
1037687	1	S  1
1037965	1	S  1
1038242	1	S  1
1038530	1	S  1
1038818	1	S  1
1039096	1	S  1
1039384	1	S  1
1039672	1	S  1
1039949	1	S  1
1040226	1	S  1
1040516	1	S  1
1040802	1	S  1
1041090	1	S  1
1041378	1	S  1
1041656	1	S  1
1041933	1	S  1
1042210	1	S  1
1042488	1	S  1
1042765	1	S  1
1043053	1	S  1
1043341	1	S  1
1043618	1	S  1
1043896	1	S  1
1044173	1	S  1
1044450	1	S  1
1044728	1	S  1
1045016	1	S  1
1045294	1	S  1
1045570	1	S  1
1045858	1	S  1
1046136	1	S  1
1046414	1	S  1
1046690	1	S  1
1046968	1	S  1
1047256	1	S  1
1047544	1	S  1
1047832	1	S  1
1048109	1	S  1
1048386	1	S  1
1048665	1	S  1
1048940	1	S  1
1049229	1	S  1
1049506	1	S  1
1049796	1	S  1
1050071	1	S  1
1050348	1	S  1
1050626	1	S  1
1050916	1	S  1
1051202	1	S  1
1051480	1	S  1
1051769	1	S  1
1052044	1	S  1
1052324	1	S  1
1052599	1	S  1
1052876	1	S  1
1053165	1	S  1
1053442	1	S  1
1053730	1	S  1
1054008	1	S  1
1054285	1	S  1
1054562	1	S  1
1054840	1	S  1
1055117	1	S  1
1055405	1	S  1
1055704	1	S  1
1055981	1	S  1
1056258	1	S  1
1056536	1	S  1
1056813	1	S  1
1057090	1	S  1
1057369	1	S  1
1057655	1	S  1
1057933	1	S  1
1058210	1	S  1
1058488	1	S  1
1058776	1	S  1
1059064	1	S  1
1059352	1	S  1
1059641	1	S  1
1059927	1	S  1
1060205	1	S  1
1060482	1	S  1
1060772	1	S  1
1061047	1	S  1
1061336	1	S  1
1061613	1	S  1
1061890	1	S  1
1062169	1	S  1
1062444	1	S  1
1062722	1	S  1
1063001	1	S  1
1063287	1	S  1
1063576	1	S  1
1063853	1	S  1
1064130	1	S  1
1064409	1	S  1
1064684	1	S  1
1064962	1	S  1
1065240	1	S  1
1065528	1	S  1
1065816	1	S  1
1066094	1	S  1
1066370	1	S  1
1066649	1	S  1
1066924	1	S  1
1069592	1	S  1
1069880	1	S  1
1070168	1	S  1
1070456	1	S  1
1070734	1	S  1
1071010	1	S  1
1071288	1	S  1
1071576	1	S  1
1071864	1	S  1
1072141	1	S  1
1072420	1	S  1
1072695	1	S  1
1072984	1	S  1
1073262	1	S  1
1073548	1	S  1
1073837	1	S  1
1074137	1	S  1
1074412	1	S  1
1074690	1	S  1
1074968	1	S  1
1075245	1	S  1
1075524	1	S  1
1075810	1	S  1
1076098	1	S  1
1076376	1	S  1
1076653	1	S  1
1076930	1	S  1
1077208	1	S  1
1077496	1	S  1
1077783	1	S  1
1078073	1	S  1
1078348	1	S  1
1078638	1	S  1
1078914	1	S  1
1079193	1	S  1
1079468	1	S  1
1079746	1	S  1
1080046	1	S  1
1080332	1	S  1
1080610	1	S  1
1080888	1	S  1
1081166	1	S  1
1081442	1	S  1
1081730	1	S  1
1082007	1	S  1
1082296	1	S  1
1082584	1	S  1
1082861	1	S  1
1083138	1	S  1
1083416	1	S  1
1083694	1	S  1
1083991	1	S  1
1084269	1	S  1
1084546	1	S  1
1084834	1	S  1
1085112	1	S  1
1085400	1	S  1
1085688	1	S  1
1085966	1	S  1
1086242	1	S  1
1086530	1	S  1
1086808	1	S  1
1087097	1	S  1
1087373	1	S  1
1087650	1	S  1
1087938	1	S  1
1088216	1	S  1
1088493	1	S  1
1088770	1	S  1
1089049	1	S  1
1089324	1	S  1
1089602	1	S  1
1089890	1	S  1
1090168	1	S  1
1090456	1	S  1
1090733	1	S  1
1091012	1	S  1
1091287	1	S  1
1091565	1	S  1
1091853	1	S  1
1092130	1	S  1
1092418	1	S  1
1092706	1	S  1
1092996	1	S  1
1093271	1	S  1
1093561	1	S  1
1093836	1	S  1
1094125	1	S  1
1094402	1	S  1
1094690	1	S  1
1094968	1	S  1
1095257	1	S  1
1095543	1	S  1
1095822	1	S  1
1096109	1	S  1
1096386	1	S  1
1096664	1	S  1
1096941	1	S  1
1097218	1	S  1
1097497	1	S  1
1097783	1	S  1
1098060	1	S  1
1098349	1	S  1
1098626	1	S  1
1098914	1	S  1
1099192	1	S  1
1099469	1	S  1
1099746	1	S  1
1100025	1	S  1
1100311	1	S  1
1100612	1	S  1
1100887	1	S  1
1101165	1	S  1
1101444	1	S  1
1101730	1	S  1
1102018	1	S  1
1102306	1	S  1
1102584	1	S  1
1102861	1	S  1
1103138	1	S  1
1103417	1	S  1
1103703	1	S  1
1103981	1	S  1
1104258	1	S  1
1104546	1	S  1
1104834	1	S  1
1105112	1	S  1
1105400	1	S  1
1105678	1	S  1
1105964	1	S  1
1106253	1	S  1
1106541	1	S  1
1106818	1	S  1
1107096	1	S  1
1107373	1	S  1
1107650	1	S  1
1107929	1	S  1
1108215	1	S  1
1108504	1	S  1
1108781	1	S  1
1109058	1	S  1
1109336	1	S  1
1109613	1	S  1
1109890	1	S  1
1110178	1	S  1
1110466	1	S  1
1110744	1	S  1
1111021	1	S  1
1111309	1	S  1
1111586	1	S  1
1114722	1	S  1
1115010	1	S  1
1115289	1	S  1
1115575	1	S  1
1115853	1	S  1
1116141	1	S  1
1116420	1	S  1
1116706	1	S  1
1116984	1	S  1
1117261	1	S  1
1117538	1	S  1
1117816	1	S  1
1118093	1	S  1
1118381	1	S  1
1118658	1	S  1
1118946	1	S  1
1119224	1	S  1
1119501	1	S  1
1119778	1	S  1
1120066	1	S  1
1120354	1	S  1
1120632	1	S  1
1120921	1	S  1
1121197	1	S  1
1121474	1	S  1
1121752	1	S  1
1122040	1	S  1
1122328	1	S  1
1122616	1	S  1
1122904	1	S  1
1123181	1	S  1
1123458	1	S  1
1123736	1	S  1
1124013	1	S  1
1124303	1	S  1
1124599	1	S  1
1124877	1	S  1
1125165	1	S  1
1125442	1	S  1
1125720	1	S  1
1125997	1	S  1
1126287	1	S  1
1126573	1	S  1
1126861	1	S  1
1127138	1	S  1
1127417	1	S  1
1127693	1	S  1
1127970	1	S  1
1128249	1	S  1
1128525	1	S  1
1128802	1	S  1
1129080	1	S  1
1129357	1	S  1
1129634	1	S  1
1129912	1	S  1
1130189	1	S  1
1130466	1	S  1
1130754	1	S  1
1131033	1	S  1
1131309	1	S  1
1131586	1	S  1
1131864	1	S  1
1132143	1	S  1
1132429	1	S  1
1132706	1	S  1
1132994	1	S  1
1133282	1	S  1
1133560	1	S  1
1133839	1	S  1
1134114	1	S  1
1134391	1	S  1
1134669	1	S  1
1134957	1	S  1
1135245	1	S  1
1135522	1	S  1
1135800	1	S  1
1136088	1	S  1
1136376	1	S  1
1136655	1	S  1
1136930	1	S  1
1137208	1	S  1
1137485	1	S  1
1137762	1	S  1
1138050	1	S  1
1138329	1	S  1
1138605	1	S  1
1138893	1	S  1
1139181	1	S  1
1139458	1	S  1
1139736	1	S  1
1140013	1	S  1
1140290	1	S  1
1140568	1	S  1
1140856	1	S  1
1141144	1	S  1
1141421	1	S  1
1141698	1	S  1
1141986	1	S  1
1142264	1	S  1
1142552	1	S  1
1142850	1	S  1
1143128	1	S  1
1143416	1	S  1
1143695	1	S  1
1143970	1	S  1
1144249	1	S  1
1144525	1	S  1
1144813	1	S  1
1145090	1	S  1
1145368	1	S  1
1145645	1	S  1
1145922	1	S  1
1146200	1	S  1
1146488	1	S  1
1146767	1	S  1
1147053	1	S  1
1147332	1	S  1
1147607	1	S  1
1147895	1	S  1
1148173	1	S  1
1148450	1	S  1
1148738	1	S  1
1149026	1	S  1
1149314	1	S  1
1149593	1	S  1
1149869	1	S  1
1150146	1	S  1
1150424	1	S  1
1150713	1	S  1
1150999	1	S  1
1151279	1	S  1
1151565	1	S  1
1151844	1	S  1
1152119	1	S  1
1152407	1	S  1
1152685	1	S  1
1152962	1	S  1
1153252	1	S  1
1153538	1	S  1
1153815	1	S  1
1154093	1	S  1
1154370	1	S  1
1154649	1	S  1
1154925	1	S  1
1155202	1	S  1
1155480	1	S  1
1155757	1	S  1
1156047	1	S  1
1156322	1	S  1
1156610	1	S  1
1177124	1	S  1
1177826	1	S  1
1187970	1	S  1
1188248	1	S  1
1188525	1	S  1
1188802	1	S  1
1189080	1	S  1
1189357	1	S  1
1189647	1	S  1
1189922	1	S  1
1190199	1	S  1
1190477	1	S  1
1190754	1	S  1
1191032	1	S  1
1191330	1	S  1
1191608	1	S  1
1191896	1	S  1
1192173	1	S  1
1192450	1	S  1
1192729	1	S  1
1193005	1	S  1
1193295	1	S  1
1193581	1	S  1
1193869	1	S  1
1194146	1	S  1
1194434	1	S  1
1194712	1	S  1
1195001	1	S  1
1195277	1	S  1
1195565	1	S  1
1195844	1	S  1
1196130	1	S  1
1196407	1	S  1
1196696	1	S  1
1196973	1	S  1
1197261	1	S  1
1197538	1	S  1
1197828	1	S  1
1198114	1	S  1
1198392	1	S  1
1198690	1	S  1
1198968	1	S  1
1199256	1	S  1
1199556	1	S  1
1199831	1	S  1
1200120	1	S  1
1200397	1	S  1
1200674	1	S  1
1200952	1	S  1
1201250	1	S  1
1201538	1	S  1
1201828	1	S  1
1202114	1	S  1
1202391	1	S  1
1202671	1	S  1
1202957	1	S  1
1203255	1	S  1
1203544	1	S  1
1203821	1	S  1
1204109	1	S  1
1204386	1	S  1
1204664	1	S  1
1204941	1	S  1
1205218	1	S  1
1205496	1	S  1
1205784	1	S  1
1206061	1	S  1
1206338	1	S  1
1206616	1	S  1
1206895	1	S  1
1207170	1	S  1
1207458	1	S  1
1207736	1	S  1
1208025	1	S  1
1208311	1	S  1
1208591	1	S  1
1208866	1	S  1
1209145	1	S  1
1209421	1	S  1
1209698	1	S  1
1209986	1	S  1
1210274	1	S  1
1210552	1	S  1
1210831	1	S  1
1211106	1	S  1
1211394	1	S  1
1211672	1	S  1
1211961	1	S  1
1212237	1	S  1
1212525	1	S  1
1212802	1	S  1
1213080	1	S  1
1213359	1	S  1
1213634	1	S  1
1213922	1	S  1
1214210	1	S  1
1214925	1	S  1
1215202	1	S  1
1215480	1	S  1
1215757	1	S  1
1216056	1	S  1
1216345	1	S  1
1216631	1	S  1
1216920	1	S  1
1217197	1	S  1
1217485	1	S  1
1217773	1	S  1
1218072	1	S  1
1218360	1	S  1
1218639	1	S  1
1218914	1	S  1
1219192	1	S  1
1219469	1	S  1
1219746	1	S  1
1220036	1	S  1
1220311	1	S  1
1220600	1	S  1
1220877	1	S  1
1221165	1	S  1
1221442	1	S  1
1221730	1	S  1
1222008	1	S  1
1222296	1	S  1
1222584	1	S  1
1222872	1	S  1
1223149	1	S  1
1223428	1	S  1
1223704	1	S  1
1223981	1	S  1
1224258	1	S  1
1224536	1	S  1
1224813	1	S  1
1225090	1	S  1
1225368	1	S  1
1225657	1	S  1
1225933	1	S  1
1226221	1	S  1
1226498	1	S  1
1226776	1	S  1
1227053	1	S  1
1227330	1	S  1
1227609	1	S  1
1227896	1	S  1
1228183	1	S  1
1228461	1	S  1
1228740	1	S  1
1229015	1	S  1
1229293	1	S  1
1229572	1	S  1
1229847	1	S  1
1230136	1	S  1
1230424	1	S  1
1230712	1	S  1
1230989	1	S  1
1231279	1	S  1
1231554	1	S  1
1231833	1	S  1
1232120	1	S  1
1232397	1	S  1
1232685	1	S  1
1232975	1	S  1
1233250	1	S  1
1233529	1	S  1
1233815	1	S  1
1234093	1	S  1
1234372	1	S  1
1234647	1	S  1
1234936	1	S  1
1235213	1	S  1
1235490	1	S  1
1235778	1	S  1
1236068	1	S  1
1236354	1	S  1
1236632	1	S  1
1236911	1	S  1
1237186	1	S  1
1237464	1	S  1
1237741	1	S  1
1238029	1	S  1
1238317	1	S  1
1238596	1	S  1
1238872	1	S  1
1239159	1	S  1
1239437	1	S  1
1239714	1	S  1
1240004	1	S  1
1240290	1	S  1
1240578	1	S  1
1240856	1	S  1
1241135	1	S  1
1241410	1	S  1
1241687	1	S  1
1241977	1	S  1
1242253	1	S  1
1242541	1	S  1
1242829	1	S  1
1243106	1	S  1
1243396	1	S  1
1243671	1	S  1
1243960	1	S  1
1244239	1	S  1
1244535	1	S  1
1244813	1	S  1
1245090	1	S  1
1245369	1	S  1
1245655	1	S  1
1245935	1	S  1
1246210	1	S  1
1246498	1	S  1
1246786	1	S  1
1247064	1	S  1
1247343	1	S  1
1247618	1	S  1
1247895	1	S  1
1248184	1	S  1
1248463	1	S  1
1248749	1	S  1
1249028	1	S  1
1249314	1	S  1
1249593	1	S  1
1249879	1	S  1
1250157	1	S  1
1250445	1	S  1
1250722	1	S  1
1251001	1	S  1
1251277	1	S  1
1251554	1	S  1
1251842	1	S  1
1252120	1	S  1
1252397	1	S  1
1252685	1	S  1
1252962	1	S  1
1253252	1	S  1
1253538	1	S  1
1253826	1	S  1
1254105	1	S  1
1254381	1	S  1
1254660	1	S  1
1254946	1	S  1
1255225	1	S  1
1255501	1	S  1
1255778	1	S  1
1256057	1	S  1
1256333	1	S  1
1256610	1	S  1
1256888	1	S  1
1257165	1	S  1
1257442	1	S  1
1257720	1	S  1
1257997	1	S  1
1258287	1	S  1
1258573	1	S  1
1258861	1	S  1
1259138	1	S  1
1259416	1	S  1
1259704	1	S  1
1259981	1	S  1
1260258	1	S  1
1260546	1	S  1
1260836	1	S  1
1261111	1	S  1
1261389	1	S  1
1261666	1	S  1
1261944	1	S  1
1262223	1	S  1
1262509	1	S  1
1262788	1	S  1
1263063	1	S  1
1263341	1	S  1
1263618	1	S  1
1263896	1	S  1
1264175	1	S  1
1264461	1	S  1
1264738	1	S  1
1265016	1	S  1
1265293	1	S  1
1265570	1	S  1
1265848	1	S  1
1266136	1	S  1
1266434	1	S  1
1266722	1	S  1
1267021	1	S  1
1267300	1	S  1
1267575	1	S  1
1267853	1	S  1
1268130	1	S  1
1268408	1	S  1
1268696	1	S  1
1268984	1	S  1
1269272	1	S  1
1269551	1	S  1
1269826	1	S  1
1270116	1	S  1
1270392	1	S  1
1270669	1	S  1
1270946	1	S  1
1271236	1	S  1
1271522	1	S  1
1271800	1	S  1
1272077	1	S  1
1272365	1	S  1
1272642	1	S  1
1272930	1	S  1
1273208	1	S  1
1273551	1	S  1
1273826	1	S  1
1274104	1	S  1
1274381	1	S  1
1274669	1	S  1
1274957	1	S  1
1275234	1	S  1
1275512	1	S  1
1275800	1	S  1
1276089	1	S  1
1276375	1	S  1
1276655	1	S  1
1276941	1	S  1
1277218	1	S  1
1277497	1	S  1
1277783	1	S  1
1278072	1	S  1
1278370	1	S  1
1278649	1	S  1
1278935	1	S  1
1279215	1	S  1
1279490	1	S  1
1279769	1	S  1
1280055	1	S  1
1280335	1	S  1
1280621	1	S  1
1280898	1	S  1
1281176	1	S  1
1281453	1	S  1
1281730	1	S  1
1282008	1	S  1
1282296	1	S  1
1282573	1	S  1
1282861	1	S  1
1283151	1	S  1
1283426	1	S  1
1283714	1	S  1
1283992	1	S  1
1284280	1	S  1
1284567	1	S  1
1284856	1	S  1
1285133	1	S  1
1285410	1	S  1
1285689	1	S  1
1285965	1	S  1
1286255	1	S  1
1286541	1	S  1
1286829	1	S  1
1287108	1	S  1
1287383	1	S  1
1287661	1	S  1
1287938	1	S  1
1288217	1	S  1
1288503	1	S  1
1288781	1	S  1
1289058	1	S  1
1289336	1	S  1
1289613	1	S  1
1289892	1	S  1
1290167	1	S  1
1290445	1	S  1
1290735	1	S  1
1291021	1	S  1
1291309	1	S  1
1291588	1	S  1
1291874	1	S  1
1292162	1	S  1
1292440	1	S  1
1292728	1	S  1
1293016	1	S  1
1293295	1	S  1
1293570	1	S  1
1293858	1	S  1
1294136	1	S  1
1294413	1	S  1
1294703	1	S  1
1294989	1	S  1
1295266	1	S  1
1295554	1	S  1
1295832	1	S  1
1296120	1	S  1
1296397	1	S  1
1296674	1	S  1
1296962	1	S  1
1297250	1	S  1
1297528	1	S  1
1297816	1	S  1
1298093	1	S  1
1298370	1	S  1
1298658	1	S  1
1298936	1	S  1
1299224	1	S  1
1299503	1	S  1
1299778	1	S  1
1300056	1	S  1
1300333	1	S  1
1300621	1	S  1
1300909	1	S  1
1301197	1	S  1
1301487	1	S  1
1301762	1	S  1
1302040	1	S  1
1302317	1	S  1
1302616	1	S  1
1302893	1	S  1
1303192	1	S  1
1303471	1	S  1
1303746	1	S  1
1304024	1	S  1
1304301	1	S  1
1304591	1	S  1
1304866	1	S  1
1305154	1	S  1
1305432	1	S  1
1305720	1	S  1
1305997	1	S  1
1306285	1	S  1
1306562	1	S  1
1306850	1	S  1
1307128	1	S  1
1307416	1	S  1
1307693	1	S  1
1307981	1	S  1
1308258	1	S  1
1308537	1	S  1
1308824	1	S  1
1309111	1	S  1
1309412	1	S  1
1309698	1	S  1
1309976	1	S  1
1310253	1	S  1
1310530	1	S  1
1310808	1	S  1
1311096	1	S  1
1311385	1	S  1
1311661	1	S  1
1311938	1	S  1
1312216	1	S  1
1312493	1	S  1
1312770	1	S  1
1313048	1	S  1
1313325	1	S  1
1313613	1	S  1
1313890	1	S  1
1314168	1	S  1
1314445	1	S  1
1314722	1	S  1
1315000	1	S  1
1315277	1	S  1
1315565	1	S  1
1315853	1	S  1
1316130	1	S  1
1316408	1	S  1
1316685	1	S  1
1316973	1	S  1
1317250	1	S  1
1317538	1	S  1
1317816	1	S  1
1318093	1	S  1
1318370	1	S  1
1318649	1	S  1
1318935	1	S  1
1319213	1	S  1
1319490	1	S  1
1319778	1	S  1
1320066	1	S  1
1320354	1	S  1
1320642	1	S  1
1320930	1	S  1
1321218	1	S  1
1321506	1	S  1
1321784	1	S  1
1322072	1	S  1
1322349	1	S  1
1322626	1	S  1
1322925	1	S  1
1323213	1	S  1
1323490	1	S  1
1323768	1	S  1
1324056	1	S  1
1324335	1	S  1
1324621	1	S  1
1324898	1	S  1
1325176	1	S  1
1325463	1	S  1
1325741	1	S  1
1326018	1	S  1
1326296	1	S  1
1326573	1	S  1
1326850	1	S  1
1327128	1	S  1
1327416	1	S  1
1327704	1	S  1
1327981	1	S  1
1328258	1	S  1
1328546	1	S  1
1328834	1	S  1
1329113	1	S  1
1329389	1	S  1
1329677	1	S  1
1329965	1	S  1
1330244	1	S  1
1330530	1	S  1
1330818	1	S  1
1331106	1	S  1
1331384	1	S  1
1331663	1	S  1
1331949	1	S  1
1332226	1	S  1
1332514	1	S  1
1332793	1	S  1
1333079	1	S  1
1333368	1	S  1
1333645	1	S  1
1333933	1	S  1
1334212	1	S  1
1334487	1	S  1
1334776	1	S  1
1335053	1	S  1
1335341	1	S  1
1335618	1	S  1
1335896	1	S  1
1336173	1	S  1
1336452	1	S  1
1336727	1	S  1
1337016	1	S  1
1337293	1	S  1
1337581	1	S  1
1337869	1	S  1
1338146	1	S  1
1338436	1	S  1
1338711	1	S  1
1338989	1	S  1
1339277	1	S  1
1339554	1	S  1
1339832	1	S  1
1340111	1	S  1
1340386	1	S  1
1340674	1	S  1
1340952	1	S  1
1341240	1	S  1
1341528	1	S  1
1341805	1	S  1
1342082	1	S  1
1342360	1	S  1
1342639	1	S  1
1342914	1	S  1
1343172	1	S  1
1343458	1	S  1
1343746	1	S  1
1344034	1	S  1
1344312	1	S  1
1344600	1	S  1
1344877	1	S  1
1345154	1	S  1
1345432	1	S  1
1345720	1	S  1
1346008	1	S  1
1346296	1	S  1
1346584	1	S  1
1346861	1	S  1
1347138	1	S  1
1347416	1	S  1
1347693	1	S  1
1347970	1	S  1
1348258	1	S  1
1348546	1	S  1
1348824	1	S  1
1349101	1	S  1
1349389	1	S  1
1349668	1	S  1
1349954	1	S  1
1350232	1	S  1
1350509	1	S  1
1350777	1	S  1
1351053	1	S  1
1351330	1	S  1
1351608	1	S  1
1351896	1	S  1
1352173	1	S  1
1352450	1	S  1
1352728	1	S  1
1353017	1	S  1
1353293	1	S  1
1353570	1	S  1
1353860	1	S  1
1354146	1	S  1
1354424	1	S  1
1354701	1	S  1
1354980	1	S  1
1355255	1	S  1
1355533	1	S  1
1355821	1	S  1
1356109	1	S  1
1356386	1	S  1
1356674	1	S  1
1356953	1	S  1
1357229	1	S  1
1357508	1	S  1
1357794	1	S  1
1358082	1	S  1
1358370	1	S  1
1358648	1	S  1
1358927	1	S  1
1359202	1	S  1
1359490	1	S  1
1359768	1	S  1
1360056	1	S  1
1360344	1	S  1
1360621	1	S  1
1360898	1	S  1
1361177	1	S  1
1361453	1	S  1
1361730	1	S  1
1362018	1	S  1
1362306	1	S  1
1362594	1	S  1
1362872	1	S  1
1363149	1	S  1
1363426	1	S  1
1363714	1	S  1
1363993	1	S  1
1364279	1	S  1
1364557	1	S  1
1364834	1	S  1
1365112	1	S  1
1365391	1	S  1
1365677	1	S  1
1365954	1	S  1
1366232	1	S  1
1366509	1	S  1
1366786	1	S  1
1367065	1	S  1
1367341	1	S  1
1367618	1	S  1
1367906	1	S  1
1368205	1	S  1
1368482	1	S  1
1368760	1	S  1
1369037	1	S  1
1369325	1	S  1
1369602	1	S  1
1369890	1	S  1
1370178	1	S  1
1370466	1	S  1
1370744	1	S  1
1371023	1	S  1
1371298	1	S  1
1371576	1	S  1
1371855	1	S  1
1372141	1	S  1
1372418	1	S  1
1372696	1	S  1
1372973	1	S  1
1373252	1	S  1
1373527	1	S  1
1373817	1	S  1
1374103	1	S  1
1374392	1	S  1
1374680	1	S  1
1374959	1	S  1
1375245	1	S  1
1375533	1	S  1
1375810	1	S  1
1376088	1	S  1
1376365	1	S  1
1376642	1	S  1
1376930	1	S  1
1377208	1	S  1
1377497	1	S  1
1377783	1	S  1
1378063	1	S  1
1378338	1	S  1
1378616	1	S  1
1378895	1	S  1
1379170	1	S  1
1379448	1	S  1
1379736	1	S  1
1380024	1	S  1
1380303	1	S  1
1380589	1	S  1
1380866	1	S  1
1381154	1	S  1
1381433	1	S  1
1381709	1	S  1
1381986	1	S  1
1382274	1	S  1
1382553	1	S  1
1382839	1	S  1
1383117	1	S  1
1383405	1	S  1
1383682	1	S  1
1383971	1	S  1
1384248	1	S  1
1384536	1	S  1
1384824	1	S  1
1385103	1	S  1
1385378	1	S  1
1385657	1	S  1
1385944	1	S  1
1386221	1	S  1
1386509	1	S  1
1386786	1	S  1
1387064	1	S  1
1387341	1	S  1
1387618	1	S  1
1387896	1	S  1
1388175	1	S  1
1388461	1	S  1
1388739	1	S  1
1389017	1	S  1
1389293	1	S  1
1389570	1	S  1
1389858	1	S  1
1390136	1	S  1
1390425	1	S  1
1390711	1	S  1
1390989	1	S  1
1391267	1	S  1
1391554	1	S  1
1391833	1	S  1
1392119	1	S  1
1392399	1	S  1
1392685	1	S  1
1392962	1	S  1
1393250	1	S  1
1393538	1	S  1
1393816	1	S  1
1394093	1	S  1
1394372	1	S  1
1394647	1	S  1
1394925	1	S  1
1395204	1	S  1
1395490	1	S  1
1395769	1	S  1
1396055	1	S  1
1396344	1	S  1
1396621	1	S  1
1396899	1	S  1
1397175	1	S  1
1397464	1	S  1
1397741	1	S  1
1398018	1	S  1
1398296	1	S  1
1398584	1	S  1
1398873	1	S  1
1399149	1	S  1
1399426	1	S  1
1426895	1	S  1
1427171	1	S  1
1427437	1	S  1
1427715	1	S  1
1427993	1	S  1
1428279	1	S  1
1428557	1	S  1
1428845	1	S  1
1429123	1	S  1
1429411	1	S  1
1429699	1	S  1
1429976	1	S  1
1430253	1	S  1
1430541	1	S  1
1430819	1	S  1
1431107	1	S  1
1431384	1	S  1
1431663	1	S  1
1431938	1	S  1
1432216	1	S  1
1432504	1	S  1
1432783	1	S  1
1433058	1	S  1
1433348	1	S  1
1433634	1	S  1
1433911	1	S  1
1434189	1	S  1
1434467	1	S  1
1434744	1	S  1
1435023	1	S  1
1435309	1	S  1
1435587	1	S  1
1435875	1	S  1
1436152	1	S  1
1436440	1	S  1
1436719	1	S  1
1437005	1	S  1
1437282	1	S  1
1437571	1	S  1
1437848	1	S  1
1438136	1	S  1
1438413	1	S  1
1438691	1	S  1
1438968	1	S  1
1439256	1	S  1
1439533	1	S  1
1439811	1	S  1
1440088	1	S  1
1440376	1	S  1
1440664	1	S  1
1440943	1	S  1
1441218	1	S  1
1441496	1	S  1
1441773	1	S  1
1442051	1	S  1
1442328	1	S  1
1442607	1	S  1
1442882	1	S  1
1443171	1	S  1
1443460	1	S  1
1443735	1	S  1
1444013	1	S  1
1444291	1	S  1
1444568	1	S  1
1444845	1	S  1
1445133	1	S  1
1445421	1	S  1
1445711	1	S  1
1445986	1	S  1
1446265	1	S  1
1446541	1	S  1
1446831	1	S  1
1447106	1	S  1
1447384	1	S  1
1447663	1	S  1
1447938	1	S  1
1448227	1	S  1
1448504	1	S  1
1448781	1	S  1
1449069	1	S  1
1449357	1	S  1
1449656	1	S  1
1449935	1	S  1
1450210	1	S  1
1450488	1	S  1
1450777	1	S  1
1451063	1	S  1
1451341	1	S  1
1451619	1	S  1
1451896	1	S  1
1452173	1	S  1
1452452	1	S  1
1452727	1	S  1
1453016	1	S  1
1453293	1	S  1
1453583	1	S  1
1453858	1	S  1
1454157	1	S  1
1454701	1	S  1
1454989	1	S  1
1455277	1	S  1
1455565	1	S  1
1455843	1	S  1
1456131	1	S  1
1456409	1	S  1
1456695	1	S  1
1456984	1	S  1
1457261	1	S  1
1457540	1	S  1
1457826	1	S  1
1458103	1	S  1
1458381	1	S  1
1458659	1	S  1
1458947	1	S  1
1459235	1	S  1
1459513	1	S  1
1459799	1	S  1
1460077	1	S  1
1460355	1	S  1
1460632	1	S  1
1460920	1	S  1
1461197	1	S  1
1461487	1	S  1
1461762	1	S  1
1462051	1	S  1
1462340	1	S  1
1462615	1	S  1
1462893	1	S  1
1463181	1	S  1
1463459	1	S  1
1463747	1	S  1
1464036	1	S  1
1464312	1	S  1
1464599	1	S  1
1464877	1	S  1
1465165	1	S  1
1465443	1	S  1
1465721	1	S  1
1465997	1	S  1
1466275	1	S  1
1466553	1	S  1
1466829	1	S  1
1467117	1	S  1
1467416	1	S  1
1467693	1	S  1
1467981	1	S  1
1468259	1	S  1
1468547	1	S  1
1468824	1	S  1
1469101	1	S  1
1469389	1	S  1
1469677	1	S  1
1469965	1	S  1
1470243	1	S  1
1470520	1	S  1
1470797	1	S  1
1471075	1	S  1
1471353	1	S  1
1471639	1	S  1
1471917	1	S  1
1472207	1	S  1
1472482	1	S  1
1472770	1	S  1
1473049	1	S  1
1473325	1	S  1
1473615	1	S  1
1473890	1	S  1
1474168	1	S  1
1474457	1	S  1
1474733	1	S  1
1475021	1	S  1
1475299	1	S  1
1475587	1	S  1
1475875	1	S  1
1476152	1	S  1
1476429	1	S  1
1476707	1	S  1
1476984	1	S  1
1477261	1	S  1
1477549	1	S  1
1477839	1	S  1
1478114	1	S  1
1478392	1	S  1
1478680	1	S  1
1478968	1	S  1
1479257	1	S  1
1479544	1	S  1
1479821	1	S  1
1480099	1	S  1
1480376	1	S  1
1480653	1	S  1
1480931	1	S  1
1481208	1	S  1
1481487	1	S  1
1481773	1	S  1
1482061	1	S  1
1482349	1	S  1
1482628	1	S  1
1482914	1	S  1
1483202	1	S  1
1483480	1	S  1
1483757	1	S  1
1484035	1	S  1
1484312	1	S  1
1484589	1	S  1
1484867	1	S  1
1485155	1	S  1
1485443	1	S  1
1485721	1	S  1
1486007	1	S  1
1486285	1	S  1
1486563	1	S  1
1486851	1	S  1
1487128	1	S  1
1487416	1	S  1
1487704	1	S  1
1487993	1	S  1
1488279	1	S  1
1488559	1	S  1
1488834	1	S  1
1489112	1	S  1
1489389	1	S  1
1489667	1	S  1
1489965	1	S  1
1490243	1	S  1
1490520	1	S  1
1490797	1	S  1
1491075	1	S  1
1491352	1	S  1
1491640	1	S  1
1491928	1	S  1
1492216	1	S  1
1492493	1	S  1
1492771	1	S  1
1493048	1	S  1
1493336	1	S  1
1493613	1	S  1
1493901	1	S  1
1494179	1	S  1
1494456	1	S  1
1494733	1	S  1
1495011	1	S  1
1495299	1	S  1
1495576	1	S  1
1495864	1	S  1
1496141	1	S  1
1496419	1	S  1
1496707	1	S  1
1496985	1	S  1
1497261	1	S  1
1497538	1	S  1
1497827	1	S  1
1498116	1	S  1
1498391	1	S  1
1498680	1	S  1
1498957	1	S  1
1499235	1	S  1
1499512	1	S  1
1499801	1	S  1
1500077	1	S  1
1500365	1	S  1
1500644	1	S  1
1500930	1	S  1
1501209	1	S  1
1501495	1	S  1
1501773	1	S  1
1502061	1	S  1
1502340	1	S  1
1502626	1	S  1
1502915	1	S  1
1503192	1	S  1
1503481	1	S  1
1503767	1	S  1
1504056	1	S  1
1504333	1	S  1
1504611	1	S  1
1504889	1	S  1
1505175	1	S  1
1505453	1	S  1
1505731	1	S  1
1506019	1	S  1
1506296	1	S  1
1506573	1	S  1
1506851	1	S  1
1507128	1	S  1
1507416	1	S  1
1507693	1	S  1
1507981	1	S  1
1508259	1	S  1
1508536	1	S  1
1508813	1	S  1
1509101	1	S  1
1509380	1	S  1
1509655	1	S  1
1509933	1	S  1
1510223	1	S  1
1510498	1	S  1
1510776	1	S  1
1511053	1	S  1
1511331	1	S  1
1511608	1	S  1
1511896	1	S  1
1512184	1	S  1
1512461	1	S  1
1512740	1	S  1
1513026	1	S  1
1513304	1	S  1
1513581	1	S  1
1513859	1	S  1
1514147	1	S  1
1514435	1	S  1
1514712	1	S  1
1515012	1	S  1
1515287	1	S  1
1515576	1	S  1
1515864	1	S  1
1516153	1	S  1
1516439	1	S  1
1516717	1	S  1
1516995	1	S  1
1517283	1	S  1
1517560	1	S  1
1517837	1	S  1
1518125	1	S  1
1518413	1	S  1
1518691	1	S  1
1518980	1	S  1
1519255	1	S  1
1519533	1	S  1
1519821	1	S  1
1520100	1	S  1
1520386	1	S  1
1520675	1	S  1
1520952	1	S  1
1521240	1	S  1
1521529	1	S  1
1521815	1	S  1
1522093	1	S  1
1522371	1	S  1
1522648	1	S  1
1522936	1	S  1
1523213	1	S  1
1523492	1	S  1
1523778	1	S  1
1524067	1	S  1
1524355	1	S  1
1524632	1	S  1
1524909	1	S  1
1525187	1	S  1
1525464	1	S  1
1525741	1	S  1
1526019	1	S  1
1526296	1	S  1
1526573	1	S  1
1526861	1	S  1
1527139	1	S  1
1527416	1	S  1
1527695	1	S  1
1527981	1	S  1
1528260	1	S  1
1528546	1	S  1
1528835	1	S  1
1529113	1	S  1
1529399	1	S  1
1529689	1	S  1
1529975	1	S  1
1530253	1	S  1
1530541	1	S  1
1530819	1	S  1
1531096	1	S  1
1531373	1	S  1
1531661	1	S  1
1531939	1	S  1
1532217	1	S  1
1532493	1	S  1
1532771	1	S  1
1533048	1	S  1
1533325	1	S  1
1533603	1	S  1
1533880	1	S  1
1534157	1	S  1
1534447	1	S  1
1534733	1	S  1
1535011	1	S  1
1535288	1	S  1
1535565	1	S  1
1535853	1	S  1
1536141	1	S  1
1536420	1	S  1
1536706	1	S  1
1537005	1	S  1
1537283	1	S  1
1537561	1	S  1
1537837	1	S  1
1538125	1	S  1
1538413	1	S  1
1538701	1	S  1
1538979	1	S  1
1539256	1	S  1
1539544	1	S  1
1539821	1	S  1
1540109	1	S  1
1540397	1	S  1
1540685	1	S  1
1540973	1	S  1
1541251	1	S  1
1541539	1	S  1
1541827	1	S  1
1542116	1	S  1
1542391	1	S  1
1542681	1	S  1
1542967	1	S  1
1543245	1	S  1
1543523	1	S  1
1543800	1	S  1
1544079	1	S  1
1544365	1	S  1
1544643	1	S  1
1544931	1	S  1
1545208	1	S  1
1545496	1	S  1
1545773	1	S  1
1546052	1	S  1
1546338	1	S  1
1546616	1	S  1
1546904	1	S  1
1547181	1	S  1
1547459	1	S  1
1547736	1	S  1
1548013	1	S  1
1548301	1	S  1
1548579	1	S  1
1548867	1	S  1
1549165	1	S  1
1549443	1	S  1
1549720	1	S  1
1549997	1	S  1
1550275	1	S  1
1550552	1	S  1
1550829	1	S  1
1551107	1	S  1
1551385	1	S  1
1551661	1	S  1
1551949	1	S  1
1552227	1	S  1
1552504	1	S  1
1552792	1	S  1
1553069	1	S  1
1553348	1	S  1
1553623	1	S  1
1553903	1	S  1
1554178	1	S  1
1554467	1	S  1
1554755	1	S  1
1555044	1	S  1
1555330	1	S  1
1555608	1	S  1
1555896	1	S  1
1556173	1	S  1
1556461	1	S  1
1556749	1	S  1
1557027	1	S  1
1557315	1	S  1
1557592	1	S  1
1557869	1	S  1
1558147	1	S  1
1558435	1	S  1
1558723	1	S  1
1559021	1	S  1
1559299	1	S  1
1559577	1	S  1
1559853	1	S  1
1560131	1	S  1
1560409	1	S  1
1560695	1	S  1
1560975	1	S  1
1561250	1	S  1
1561527	1	S  1
1561816	1	S  1
1562105	1	S  1
1562391	1	S  1
1562669	1	S  1
1562957	1	S  1
1563247	1	S  1
1563522	1	S  1
1563810	1	S  1
1564088	1	S  1
1564376	1	S  1
1564653	1	S  1
1564931	1	S  1
1565208	1	S  1
1565496	1	S  1
1565773	1	S  1
1566052	1	S  1
1566328	1	S  1
1566615	1	S  1
1566893	1	S  1
1567181	1	S  1
1567460	1	S  1
1567735	1	S  1
1568013	1	S  1
1568291	1	S  1
1568568	1	S  1
1568857	1	S  1
1569144	1	S  1
1569421	1	S  1
1569700	1	S  1
1569975	1	S  1
1570264	1	S  1
1570552	1	S  1
1570831	1	S  1
1571117	1	S  1
1571416	1	S  1
1571693	1	S  1
1571972	1	S  1
1572258	1	S  1
1572535	1	S  1
1572824	1	S  1
1573112	1	S  1
1573389	1	S  1
1573667	1	S  1
1573955	1	S  1
1574232	1	S  1
1574520	1	S  1
1574797	1	S  1
1575085	1	S  1
1575363	1	S  1
1575640	1	S  1
1575917	1	S  1
1576205	1	S  1
1576493	1	S  1
1576771	1	S  1
1577059	1	S  1
1577336	1	S  1
1577613	1	S  1
1577891	1	S  1
1578168	1	S  1
1578456	1	S  1
1578735	1	S  1
1579021	1	S  1
1579309	1	S  1
1579587	1	S  1
1579875	1	S  1
1580152	1	S  1
1580429	1	S  1
1580707	1	S  1
1580995	1	S  1
1581283	1	S  1
1581572	1	S  1
1581847	1	S  1
1582127	1	S  1
1582413	1	S  1
1582691	1	S  1
1582968	1	S  1
1583267	1	S  1
1583555	1	S  1
1583832	1	S  1
1584120	1	S  1
1584399	1	S  1
1584685	1	S  1
1584963	1	S  1
1585251	1	S  1
1585528	1	S  1
1585816	1	S  1
1586093	1	S  1
1586372	1	S  1
1586648	1	S  1
1586925	1	S  1
1587215	1	S  1
1587490	1	S  1
1587769	1	S  1
1588056	1	S  1
1588333	1	S  1
1588612	1	S  1
1588887	1	S  1
1589177	1	S  1
1589453	1	S  1
1589730	1	S  1
1590008	1	S  1
1590296	1	S  1
1590575	1	S  1
1590850	1	S  1
1591128	1	S  1
1591416	1	S  1
1591693	1	S  1
1591971	1	S  1
1592248	1	S  1
1592536	1	S  1
1592815	1	S  1
1593090	1	S  1
1593379	1	S  1
1593656	1	S  1
1593933	1	S  1
1594211	1	S  1
1594488	1	S  1
1594776	1	S  1
1595053	1	S  1
1595341	1	S  1
1595629	1	S  1
1595907	1	S  1
1596195	1	S  1
1596473	1	S  1
1596749	1	S  1
1597037	1	S  1
1597325	1	S  1
1597603	1	S  1
1597891	1	S  1
1598168	1	S  1
1598456	1	S  1
1598745	1	S  1
1599032	1	S  1
1599309	1	S  1
1599587	1	S  1
1599864	1	S  1
1600143	1	S  1
1600419	1	S  1
1600696	1	S  1
1600984	1	S  1
1601272	1	S  1
1601549	1	S  1
1601827	1	S  1
1602104	1	S  1
1602381	1	S  1
1602659	1	S  1
1602947	1	S  1
1603236	1	S  1
1603511	1	S  1
1603800	1	S  1
1604079	1	S  1
1604354	1	S  1
1604632	1	S  1
1604909	1	S  1
1605188	1	S  1
1605474	1	S  1
1605752	1	S  1
1606029	1	S  1
1606308	1	S  1
1606594	1	S  1
1606872	1	S  1
1607160	1	S  1
1607437	1	S  1
1607725	1	S  1
1608004	1	S  1
1608280	1	S  1
1608567	1	S  1
1608856	1	S  1
1609133	1	S  1
1609411	1	S  1
1609700	1	S  1
1609975	1	S  1
1610253	1	S  1
1610531	1	S  1
1610808	1	S  1
1611097	1	S  1
1611373	1	S  1
1611661	1	S  1
1611939	1	S  1
1612216	1	S  1
1612493	1	S  1
1612771	1	S  1
1613048	1	S  1
1613327	1	S  1
1613613	1	S  1
1613890	1	S  1
1614168	1	S  1
1614445	1	S  1
1614723	1	S  1
1615000	1	S  1
1615288	1	S  1
1615576	1	S  1
1615855	1	S  1
1616130	1	S  1
1616419	1	S  1
1616697	1	S  1
1616973	1	S  1
1617261	1	S  1
1617549	1	S  1
1617827	1	S  1
1618104	1	S  1
1618381	1	S  1
1618659	1	S  1
1618936	1	S  1
1619225	1	S  1
1619511	1	S  1
1619789	1	S  1
1620067	1	S  1
1620344	1	S  1
1620632	1	S  1
1620909	1	S  1
1621197	1	S  1
1621485	1	S  1
1621773	1	S  1
1622051	1	S  1
1622328	1	S  1
1622616	1	S  1
1622893	1	S  1
1623181	1	S  1
1623459	1	S  1
1623747	1	S  1
1624035	1	S  1
1624312	1	S  1
1624591	1	S  1
1624866	1	S  1
1625155	1	S  1
1625432	1	S  1
1625721	1	S  1
1625997	1	S  1
1626285	1	S  1
1626563	1	S  1
1626840	1	S  1
1627117	1	S  1
1627395	1	S  1
1627683	1	S  1
1627971	1	S  1
1628248	1	S  1
1628536	1	S  1
1628813	1	S  1
1629091	1	S  1
1629368	1	S  1
1629656	1	S  1
1629944	1	S  1
1630221	1	S  1
1630499	1	S  1
1630776	1	S  1
1631064	1	S  1
1631341	1	S  1
1631619	1	S  1
1631907	1	S  1
1632195	1	S  1
1632473	1	S  1
1632760	1	S  1
1633047	1	S  1
1633337	1	S  1
1633613	1	S  1
1633901	1	S  1
1634179	1	S  1
1634456	1	S  1
1634733	1	S  1
1635021	1	S  1
1635309	1	S  1
1635587	1	S  1
1635875	1	S  1
1636152	1	S  1
1636440	1	S  1
1636717	1	S  1
1636995	1	S  1
1637272	1	S  1
1637551	1	S  1
1637837	1	S  1
1638125	1	S  1
1669421	1	S  1
1669690	1	S  1
1669965	1	S  1
1670243	1	S  1
1670531	1	S  1
1670808	1	S  1
1671098	1	S  1
1671373	1	S  1
1671652	1	S  1
1671928	1	S  1
1672218	1	S  1
1672525	1	S  1
1672803	1	S  1
1673080	1	S  1
1673357	1	S  1
1673635	1	S  1
1673923	1	S  1
1674211	1	S  1
1674488	1	S  1
1674776	1	S  1
1675053	1	S  1
1675341	1	S  1
1675619	1	S  1
1675896	1	S  1
1676184	1	S  1
1676472	1	S  1
1676760	1	S  1
1677037	1	S  1
1677315	1	S  1
1677592	1	S  1
1677869	1	S  1
1678157	1	S  1
1678456	1	S  1
1678744	1	S  1
1679021	1	S  1
1679300	1	S  1
1679576	1	S  1
1679864	1	S  1
1680152	1	S  1
1680429	1	S  1
1680719	1	S  1
1681005	1	S  1
1681293	1	S  1
1681571	1	S  1
1681848	1	S  1
1682136	1	S  1
1682424	1	S  1
1682701	1	S  1
1682979	1	S  1
1683256	1	S  1
1683533	1	S  1
1683811	1	S  1
1684088	1	S  1
1684365	1	S  1
1684643	1	S  1
1684930	1	S  1
1685208	1	S  1
1685485	1	S  1
1685764	1	S  1
1686040	1	S  1
1686317	1	S  1
1686605	1	S  1
1686884	1	S  1
1687170	1	S  1
1687459	1	S  1
1687747	1	S  1
1688024	1	S  1
1688312	1	S  1
1688589	1	S  1
1688867	1	S  1
1689144	1	S  1
1689423	1	S  1
1689698	1	S  1
1689976	1	S  1
1690253	1	S  1
1690541	1	S  1
1690829	1	S  1
1691108	1	S  1
1691384	1	S  1
1691661	1	S  1
1691939	1	S  1
1692216	1	S  1
1692504	1	S  1
1692781	1	S  1
1693059	1	S  1
1693338	1	S  1
1693624	1	S  1
1693901	1	S  1
1694179	1	S  1
1694467	1	S  1
1695076	1	S  1
1695352	1	S  1
1695640	1	S  1
1695928	1	S  1
1696216	1	S  1
1696506	1	S  1
1696781	1	S  1
1697059	1	S  1
1697336	1	S  1
1697613	1	S  1
1697892	1	S  1
1698168	1	S  1
1698445	1	S  1
1698723	1	S  1
1699011	1	S  1
1699288	1	S  1
1699578	1	S  1
1699853	1	S  1
1700132	1	S  1
1700408	1	S  1
1700696	1	S  1
1700973	1	S  1
1701261	1	S  1
1701539	1	S  1
1701816	1	S  1
1702093	1	S  1
1702372	1	S  1
1702648	1	S  1
1702936	1	S  1
1703235	1	S  1
1703514	1	S  1
1703789	1	S  1
1704067	1	S  1
1704344	1	S  1
1704632	1	S  1
1704909	1	S  1
1705197	1	S  1
1705485	1	S  1
1705773	1	S  1
1706051	1	S  1
1706328	1	S  1
1706618	1	S  1
1706893	1	S  1
1707171	1	S  1
1707448	1	S  1
1707738	1	S  1
1708013	1	S  1
1708292	1	S  1
1708568	1	S  1
1708845	1	S  1
1709133	1	S  1
1709411	1	S  1
1709690	1	S  1
1709965	1	S  1
1710242	1	S  1
1710531	1	S  1
1710808	1	S  1
1711096	1	S  1
1711375	1	S  1
1711650	1	S  1
1711928	1	S  1
1712205	1	S  1
1712495	1	S  1
1712770	1	S  1
1713059	1	S  1
1713336	1	S  1
1713613	1	S  1
1713891	1	S  1
1714168	1	S  1
1714456	1	S  1
1714733	1	S  1
1715021	1	S  1
1715299	1	S  1
1715576	1	S  1
1715864	1	S  1
1716141	1	S  1
1716419	1	S  1
1716696	1	S  1
1716986	1	S  1
1717261	1	S  1
1717539	1	S  1
1717816	1	S  1
1718093	1	S  1
1718371	1	S  1
1718659	1	S  1
1718947	1	S  1
1719224	1	S  1
1719501	1	S  1
1719779	1	S  1
1720056	1	S  1
1720333	1	S  1
1720621	1	S  1
1720909	1	S  1
1721197	1	S  1
1721485	1	S  1
1721764	1	S  1
1722040	1	S  1
1722328	1	S  1
1722618	1	S  1
1722893	1	S  1
1723181	1	S  1
1723459	1	S  1
1723747	1	S  1
1724035	1	S  1
1724324	1	S  1
1724610	1	S  1
1724888	1	S  1
1725176	1	S  1
1725453	1	S  1
1725731	1	S  1
1726008	1	S  1
1726296	1	S  1
1726573	1	S  1
1726851	1	S  1
1727128	1	S  1
1727418	1	S  1
1727693	1	S  1
1727972	1	S  1
1728248	1	S  1
1728525	1	S  1
1728803	1	S  1
1729091	1	S  1
1729379	1	S  1
1729656	1	S  1
1729933	1	S  1
1730221	1	S  1
1730500	1	S  1
1730776	1	S  1
1731055	1	S  1
1731341	1	S  1
1731619	1	S  1
1731898	1	S  1
1732173	1	S  1
1732451	1	S  1
1732728	1	S  1
1733005	1	S  1
1733283	1	S  1
1733571	1	S  1
1733850	1	S  1
1734136	1	S  1
1734413	1	S  1
1734691	1	S  1
1734979	1	S  1
1735268	1	S  1
1735544	1	S  1
1735821	1	S  1
1736099	1	S  1
1736388	1	S  1
1736674	1	S  1
1736952	1	S  1
1737240	1	S  1
1737517	1	S  1
1737796	1	S  1
1738072	1	S  1
1738349	1	S  1
1738637	1	S  1
1738914	1	S  1
1739203	1	S  1
1739491	1	S  1
1739768	1	S  1
1740045	1	S  1
1740323	1	S  1
1740612	1	S  1
1740888	1	S  1
1741176	1	S  1
1741453	1	S  1
1741731	1	S  1
1742008	1	S  1
1742296	1	S  1
1742575	1	S  1
1742850	1	S  1
1743139	1	S  1
1743437	1	S  1
1743725	1	S  1
1744003	1	S  1
1744291	1	S  1
1744568	1	S  1
1744845	1	S  1
1745133	1	S  1
1745411	1	S  1
1745688	1	S  1
1745965	1	S  1
1746244	1	S  1
1746531	1	S  1
1746808	1	S  1
1747096	1	S  1
1747386	1	S  1
1747672	1	S  1
1747949	1	S  1
1748227	1	S  1
1748504	1	S  1
1748781	1	S  1
1749060	1	S  1
1749336	1	S  1
1749624	1	S  1
1749901	1	S  1
1750179	1	S  1
1750456	1	S  1
1750733	1	S  1
1751011	1	S  1
1751288	1	S  1
1751576	1	S  1
1751853	1	S  1
1752131	1	S  1
1752408	1	S  1
1752687	1	S  1
1752962	1	S  1
1753251	1	S  1
1753528	1	S  1
1753816	1	S  1
1754104	1	S  1
1754383	1	S  1
1754659	1	S  1
1754936	1	S  1
1755226	1	S  1
1755512	1	S  1
1755789	1	S  1
1756067	1	S  1
1756355	1	S  1
1756644	1	S  1
1756920	1	S  1
1757197	1	S  1
1757485	1	S  1
1757763	1	S  1
1758042	1	S  1
1758317	1	S  1
1758595	1	S  1
1758872	1	S  1
1759160	1	S  1
1759439	1	S  1
1759725	1	S  1
1760013	1	S  1
1760291	1	S  1
1760570	1	S  1
1760845	1	S  1
1761123	1	S  1
1761411	1	S  1
1761688	1	S  1
1761965	1	S  1
1762253	1	S  1
1762531	1	S  1
1762808	1	S  1
1763096	1	S  1
1763384	1	S  1
1763672	1	S  1
1763960	1	S  1
1764248	1	S  1
1764527	1	S  1
1764802	1	S  1
1765091	1	S  1
1765368	1	S  1
1765656	1	S  1
1765933	1	S  1
1766212	1	S  1
1766488	1	S  1
1766776	1	S  1
1767053	1	S  1
1767341	1	S  1
1767619	1	S  1
1767907	1	S  1
1768184	1	S  1
1768461	1	S  1
1768739	1	S  1
1769016	1	S  1
1769295	1	S  1
1769570	1	S  1
1769848	1	S  1
1770136	1	S  1
1770413	1	S  1
1770691	1	S  1
1770968	1	S  1
1771256	1	S  1
1771544	1	S  1
1771832	1	S  1
1772109	1	S  1
1772387	1	S  1
1772664	1	S  1
1772941	1	S  1
1773229	1	S  1
1773507	1	S  1
1773795	1	S  1
1774074	1	S  1
1774360	1	S  1
1774637	1	S  1
1774915	1	S  1
1775194	1	S  1
1775480	1	S  1
1775768	1	S  1
1776045	1	S  1
1776323	1	S  1
1776611	1	S  1
1776888	1	S  1
1777165	1	S  1
1777444	1	S  1
1777730	1	S  1
1778008	1	S  1
1778296	1	S  1
1778575	1	S  1
1778851	1	S  1
1779128	1	S  1
1779416	1	S  1
1779706	1	S  1
1779981	1	S  1
1780259	1	S  1
1780538	1	S  1
1780813	1	S  1
1781092	1	S  1
1781368	1	S  1
1781656	1	S  1
1781933	1	S  1
1782211	1	S  1
1782488	1	S  1
1782765	1	S  1
1783053	1	S  1
1783331	1	S  1
1783608	1	S  1
1783896	1	S  1
1784173	1	S  1
1784461	1	S  1
1784739	1	S  1
1785016	1	S  1
1785304	1	S  1
1785592	1	S  1
1785869	1	S  1
1786159	1	S  1
1786434	1	S  1
1786712	1	S  1
1787000	1	S  1
1787288	1	S  1
1787576	1	S  1
1787864	1	S  1
1788152	1	S  1
1788431	1	S  1
1788707	1	S  1
1788984	1	S  1
1789261	1	S  1
1789551	1	S  1
1789837	1	S  1
1790125	1	S  1
1790403	1	S  1
1790691	1	S  1
1790970	1	S  1
1791256	1	S  1
1791533	1	S  1
1791812	1	S  1
1792098	1	S  1
1792387	1	S  1
1792664	1	S  1
1792941	1	S  1
1793220	1	S  1
1793496	1	S  1
1793773	1	S  1
1794051	1	S  1
1794339	1	S  1
1794616	1	S  1
1794895	1	S  1
1795170	1	S  1
1795460	1	S  1
1795736	1	S  1
1796024	1	S  1
1796312	1	S  1
1796600	1	S  1
1796877	1	S  1
1797167	1	S  1
1797443	1	S  1
1797731	1	S  1
1798008	1	S  1
1798296	1	S  1
1798573	1	S  1
1798852	1	S  1
1799128	1	S  1
1799405	1	S  1
1799684	1	S  1
1799970	1	S  1
1800248	1	S  1
1800527	1	S  1
1800802	1	S  1
1801080	1	S  1
1801357	1	S  1
1801645	1	S  1
1801924	1	S  1
1802210	1	S  1
1802488	1	S  1
1802776	1	S  1
1803053	1	S  1
1803331	1	S  1
1803619	1	S  1
1803896	1	S  1
1804173	1	S  1
1804463	1	S  1
1804738	1	S  1
1805018	1	S  1
1805293	1	S  1
1805583	1	S  1
1805858	1	S  1
1806147	1	S  1
1806436	1	S  1
1806733	1	S  1
1807021	1	S  1
1807299	1	S  1
1807578	1	S  1
1807864	1	S  1
1808152	1	S  1
1808440	1	S  1
1808717	1	S  1
1809016	1	S  1
1809293	1	S  1
1809571	1	S  1
1809859	1	S  1
1810148	1	S  1
1810424	1	S  1
1810701	1	S  1
1810979	1	S  1
1811256	1	S  1
1811544	1	S  1
1811821	1	S  1
1812109	1	S  1
1812388	1	S  1
1812674	1	S  1
1812952	1	S  1
1813229	1	S  1
1813508	1	S  1
1813784	1	S  1
1814072	1	S  1
1814349	1	S  1
1814627	1	S  1
1814904	1	S  1
1815181	1	S  1
1815460	1	S  1
1815736	1	S  1
1816024	1	S  1
1816312	1	S  1
1816611	1	S  1
1816888	1	S  1
1817176	1	S  1
1817455	1	S  1
1817730	1	S  1
1818019	1	S  1
1818317	1	S  1
1818605	1	S  1
1818883	1	S  1
1819171	1	S  1
1819450	1	S  1
1819725	1	S  1
1820015	1	S  1
1820290	1	S  1
1820568	1	S  1
1820845	1	S  1
1821123	1	S  1
1821400	1	S  1
1821679	1	S  1
1821954	1	S  1
1822244	1	S  1
1822541	1	S  1
1822818	1	S  1
1823096	1	S  1
1823373	1	S  1
1823651	1	S  1
1823930	1	S  1
1824216	1	S  1
1824504	1	S  1
1824792	1	S  1
1825080	1	S  1
1825357	1	S  1
1825635	1	S  1
1825912	1	S  1
1826189	1	S  1
1826479	1	S  1
1826765	1	S  1
1827044	1	S  1
1827330	1	S  1
1827608	1	S  1
1827887	1	S  1
1828163	1	S  1
1828451	1	S  1
1828738	1	S  1
1829016	1	S  1
1829293	1	S  1
1829571	1	S  1
1829850	1	S  1
1830136	1	S  1
1830413	1	S  1
1830691	1	S  1
1830979	1	S  1
1831256	1	S  1
1831533	1	S  1
1831821	1	S  1
1832100	1	S  1
1832376	1	S  1
1832664	1	S  1
1832941	1	S  1
1833229	1	S  1
1833507	1	S  1
1833805	1	S  1
1834083	1	S  1
1834372	1	S  1
1834648	1	S  1
1834936	1	S  1
1835213	1	S  1
1835491	1	S  1
1835779	1	S  1
1836056	1	S  1
1836333	1	S  1
1836611	1	S  1
1836899	1	S  1
1837176	1	S  1
1837453	1	S  1
1837731	1	S  1
1838008	1	S  1
1838296	1	S  1
1838595	1	S  1
1838884	1	S  1
1839171	1	S  1
1839448	1	S  1
1839736	1	S  1
1840015	1	S  1
1840290	1	S  1
1840579	1	S  1
1840867	1	S  1
1841144	1	S  1
1841421	1	S  1
1841699	1	S  1
1841976	1	S  1
1842253	1	S  1
1842531	1	S  1
1842808	1	S  1
1843096	1	S  1
1843384	1	S  1
1843661	1	S  1
1843939	1	S  1
1844227	1	S  1
1844506	1	S  1
1844792	1	S  1
1845080	1	S  1
1845357	1	S  1
1845645	1	S  1
1845923	1	S  1
1846211	1	S  1
1846488	1	S  1
1846765	1	S  1
1847043	1	S  1
1847320	1	S  1
1847597	1	S  1
1847876	1	S  1
1848152	1	S  1
1848440	1	S  1
1848728	1	S  1
1849005	1	S  1
1849293	1	S  1
1849571	1	S  1
1849850	1	S  1
1850125	1	S  1
1850403	1	S  1
1850691	1	S  1
